Main Set,Subset,Card Number,Card Name,Details,Is insert
2025 Topps Marvel The Collector,MCU PERFECTION,1,Mister Fantastic,The Fantastic Four: First Steps,TRUE
2025 Topps Marvel The Collector,MCU PERFECTION,2,Invisible Woman,The Fantastic Four: First Steps,TRUE
2025 Topps Marvel The Collector,MCU PERFECTION,3,Human Torch,The Fantastic Four: First Steps,TRUE
2025 Topps Marvel The Collector,MCU PERFECTION,4,The Thing,The Fantastic Four: First Steps,TRUE
2025 Topps Marvel The Collector,MCU PERFECTION,5,Yelena Belova,Thunderbolts*,TRUE
2025 Topps Marvel The Collector,MCU PERFECTION,6,Bucky Barnes,Thunderbolts*,TRUE
2025 Topps Marvel The Collector,MCU PERFECTION,7,John F. Walker,Thunderbolts*,TRUE
2025 Topps Marvel The Collector,MCU PERFECTION,8,Ghost,Thunderbolts*,TRUE
2025 Topps Marvel The Collector,MCU PERFECTION,9,Taskmaster,Thunderbolts*,TRUE
2025 Topps Marvel The Collector,MCU PERFECTION,10,Sentry,Thunderbolts*,TRUE
2025 Topps Marvel The Collector,MCU PERFECTION,11,Valentina Allegra de Fontaine,Thunderbolts*,TRUE
2025 Topps Marvel The Collector,MCU PERFECTION,12,Captain America,Captain America: Brave New World,TRUE
2025 Topps Marvel The Collector,MCU PERFECTION,13,Red Hulk,Captain America: Brave New World,TRUE
2025 Topps Marvel The Collector,MCU PERFECTION,14,Falcon,Captain America: Brave New World,TRUE
2025 Topps Marvel The Collector,MCU PERFECTION,15,Sidewinder,Captain America: Brave New World,TRUE
2025 Topps Marvel The Collector,MCU PERFECTION,16,The Leader,Captain America: Brave New World,TRUE
2025 Topps Marvel The Collector,MCU PERFECTION,17,Agatha Harkness,Agatha All Along,TRUE
2025 Topps Marvel The Collector,MCU PERFECTION,18,Rio Vidal,Agatha All Along,TRUE
2025 Topps Marvel The Collector,MCU PERFECTION,19,G'iah,Secret Invasion,TRUE
2025 Topps Marvel The Collector,MCU PERFECTION,20,Moon Knight,Moon Knight,TRUE
2025 Topps Marvel The Collector,MCU PERFECTION,21,She-Hulk,She-Hulk,TRUE
2025 Topps Marvel The Collector,MCU PERFECTION,22,Wilson Fisk,Daredevil: Born Again,TRUE
2025 Topps Marvel The Collector,MCU PERFECTION,23,Namor,Black Panther: Wakanda Forever,TRUE
2025 Topps Marvel The Collector,MCU PERFECTION,24,Ironheart,Black Panther: Wakanda Forever,TRUE
2025 Topps Marvel The Collector,MCU PERFECTION,25,Zuri,Black Panther,TRUE
2025 Topps Marvel The Collector,MCU PERFECTION,26,Erik Killmonger,Black Panther,TRUE
2025 Topps Marvel The Collector,MCU PERFECTION,27,Star-Lord,Guardians of the Galaxy,TRUE
2025 Topps Marvel The Collector,MCU PERFECTION,28,Rocket,Guardians of the Galaxy,TRUE
2025 Topps Marvel The Collector,MCU PERFECTION,29,Groot,Guardians of the Galaxy,TRUE
2025 Topps Marvel The Collector,MCU PERFECTION,30,Drax,Guardians of the Galaxy,TRUE
2025 Topps Marvel The Collector,MCU PERFECTION,31,Nebula,Guardians of the Galaxy,TRUE
2025 Topps Marvel The Collector,MCU PERFECTION,32,Yondu,Guardians of the Galaxy,TRUE
2025 Topps Marvel The Collector,MCU PERFECTION,33,The Collector,Guardians of the Galaxy,TRUE
2025 Topps Marvel The Collector,MCU PERFECTION,34,Ego,Guardians of the Galaxy Vol. 2,TRUE
2025 Topps Marvel The Collector,MCU PERFECTION,35,The High Evolutionary,Guardians of the Galaxy Vol.3,TRUE
2025 Topps Marvel The Collector,MCU PERFECTION,36,Thor,Thor: Love and Thunder,TRUE
2025 Topps Marvel The Collector,MCU PERFECTION,37,The Mighty Thor,Thor: Love and Thunder,TRUE
2025 Topps Marvel The Collector,MCU PERFECTION,38,Odin,Thor,TRUE
2025 Topps Marvel The Collector,MCU PERFECTION,39,Grandmaster,Thor: Ragnarok,TRUE
2025 Topps Marvel The Collector,MCU PERFECTION,40,Frigga,Thor,TRUE
2025 Topps Marvel The Collector,MCU PERFECTION,41,Korg,Thor: Love and Thunder,TRUE
2025 Topps Marvel The Collector,MCU PERFECTION,42,Loki,Marvel's The Avengers,TRUE
2025 Topps Marvel The Collector,MCU PERFECTION,43,Hela,Thor: Ragnarok,TRUE
2025 Topps Marvel The Collector,MCU PERFECTION,44,Sif,Thor,TRUE
2025 Topps Marvel The Collector,MCU PERFECTION,45,Valkyrie,Thor: Ragnarok,TRUE
2025 Topps Marvel The Collector,MCU PERFECTION,46,Captain Marvel,Captain Marvel,TRUE
2025 Topps Marvel The Collector,MCU PERFECTION,47,Talos,Captain Marvel,TRUE
2025 Topps Marvel The Collector,MCU PERFECTION,48,Yon-Rogg,Captain Marvel,TRUE
2025 Topps Marvel The Collector,MCU PERFECTION,49,Ms. Marvel,The Marvels,TRUE
2025 Topps Marvel The Collector,MCU PERFECTION,50,Monica Rambeau,The Marvels,TRUE
2025 Topps Marvel The Collector,MCU PERFECTION,51,Dar-Benn,The Marvels,TRUE
2025 Topps Marvel The Collector,MCU PERFECTION,52,Shang-Chi,Shang-Chi and the Legend of the Ten Rings,TRUE
2025 Topps Marvel The Collector,MCU PERFECTION,53,Ikaris,Eternals,TRUE
2025 Topps Marvel The Collector,MCU PERFECTION,54,Druig,Eternals,TRUE
2025 Topps Marvel The Collector,MCU PERFECTION,55,Thena,Eternals,TRUE
2025 Topps Marvel The Collector,MCU PERFECTION,56,Ant-Man,Ant-Man,TRUE
2025 Topps Marvel The Collector,MCU PERFECTION,57,Hope van Dyne,Ant-Man,TRUE
2025 Topps Marvel The Collector,MCU PERFECTION,58,Dr. Christine Palmer,Doctor Strange,TRUE
2025 Topps Marvel The Collector,MCU PERFECTION,59,Wong,Doctor Strange,TRUE
2025 Topps Marvel The Collector,MCU PERFECTION,60,The Ancient One,Doctor Strange,TRUE
2025 Topps Marvel The Collector,MCU PERFECTION,61,Kaecilius,Doctor Strange,TRUE
2025 Topps Marvel The Collector,MCU PERFECTION,62,Mordo,Doctor Strange,TRUE
2025 Topps Marvel The Collector,MCU PERFECTION,63,Doctor Strange,Doctor Strange in the Multiverse of Madness,TRUE
2025 Topps Marvel The Collector,MCU PERFECTION,64,America Chavez,Doctor Strange in the Multiverse of Madness,TRUE
2025 Topps Marvel The Collector,MCU PERFECTION,65,Clea,Doctor Strange in the Multiverse of Madness,TRUE
2025 Topps Marvel The Collector,MCU PERFECTION,66,Silver Surfer,The Fantastic Four: First Steps,TRUE
2025 Topps Marvel The Collector,MCU PERFECTION,67,Galactus,The Fantastic Four: First Steps,TRUE
2025 Topps Marvel The Collector,MCU PERFECTION,68,Nick Fury,Avengers: Endgame,TRUE
2025 Topps Marvel The Collector,MCU PERFECTION,69,Maria Hill,Marvel's The Avengers,TRUE
2025 Topps Marvel The Collector,MCU PERFECTION,70,Pepper Potts,Avengers: Endgame,TRUE
2025 Topps Marvel The Collector,MCU PERFECTION,71,Aldrich Killian,Iron Man 3,TRUE
2025 Topps Marvel The Collector,MCU PERFECTION,72,Trevor Slattery,Iron Man 3,TRUE
2025 Topps Marvel The Collector,MCU PERFECTION,73,War Machine,Captain America: Civil War,TRUE
2025 Topps Marvel The Collector,MCU PERFECTION,74,Vision,Avengers: Age of Ultron,TRUE
2025 Topps Marvel The Collector,MCU PERFECTION,75,Wanda Maximoff,Avengers: Infinity War,TRUE
2025 Topps Marvel The Collector,MCU PERFECTION,76,Pietro Maximoff,Avengers: Age of Ultron,TRUE
2025 Topps Marvel The Collector,MCU PERFECTION,77,Black Widow,Avengers: Endgame,TRUE
2025 Topps Marvel The Collector,MCU PERFECTION,78,Hawkeye,Avengers: Endgame,TRUE
2025 Topps Marvel The Collector,MCU PERFECTION,79,Kate Bishop,Hawkeye,TRUE
2025 Topps Marvel The Collector,MCU PERFECTION,80,Peggy Carter,Captain America: The First Avenger,TRUE
2025 Topps Marvel The Collector,MCU PERFECTION,81,Captain America,Avengers: Endgame,TRUE
2025 Topps Marvel The Collector,MCU PERFECTION,82,Hulk,Avengers: Endgame,TRUE
2025 Topps Marvel The Collector,MCU PERFECTION,83,Iron Man,Avengers: Endgame,TRUE
2025 Topps Marvel The Collector,MCU PERFECTION,84,Spider-Man,Avengers: Infinity War,TRUE
2025 Topps Marvel The Collector,MCU PERFECTION,85,Thanos,Avengers: Endgame,TRUE
2025 Topps Marvel The Collector,MARVEL TOMORROW,MT-1,Mister Fantastic,The Fantastic Four: First Steps,TRUE
2025 Topps Marvel The Collector,MARVEL TOMORROW,MT-2,Mâ€™Baku,Black Panther: Wakanda Forever,TRUE
2025 Topps Marvel The Collector,MARVEL TOMORROW,MT-3,Shang-Chi,Shang-Chi and the Legend of the Ten Rings,TRUE
2025 Topps Marvel The Collector,MARVEL TOMORROW,MT-4,Black Panther,Black Panther: Wakanda Forever,TRUE
2025 Topps Marvel The Collector,MARVEL TOMORROW,MT-5,Namor,Black Panther: Wakanda Forever,TRUE
2025 Topps Marvel The Collector,MARVEL TOMORROW,MT-6,Falcon,Captain America: Brave New World,TRUE
2025 Topps Marvel The Collector,MARVEL TOMORROW,MT-7,Ms. Marvel,The Marvels,TRUE
2025 Topps Marvel The Collector,MARVEL TOMORROW,MT-8,Ghost,Thunderbolts*,TRUE
2025 Topps Marvel The Collector,MARVEL TOMORROW,MT-9,Yelena Belova,Thunderbolts*,TRUE
2025 Topps Marvel The Collector,MARVEL TOMORROW,MT-10,Captain America,Captain America: Brave New World,TRUE
2025 Topps Marvel The Collector,MARVEL TOMORROW,MT-11,John F. Walker,Thunderbolts*,TRUE
2025 Topps Marvel The Collector,MARVEL TOMORROW,MT-12,The Vision,WandaVision,TRUE
2025 Topps Marvel The Collector,MARVEL TOMORROW,MT-13,Adam Warlock,Guardians of the Galaxy Vol. 3,TRUE
2025 Topps Marvel The Collector,MARVEL TOMORROW,MT-14,Moon Knight,Moon Knight,TRUE
2025 Topps Marvel The Collector,MARVEL TOMORROW,MT-15,Red Guardian,Thunderbolts*,TRUE
2025 Topps Marvel The Collector,MARVEL TOMORROW,MT-16,Cassie Lang,Ant-Man and the Wasp: Quantumania,TRUE
2025 Topps Marvel The Collector,MARVEL TOMORROW,MT-17,She-Hulk,She-Hulk,TRUE
2025 Topps Marvel The Collector,MARVEL TOMORROW,MT-18,Riri Williams,Black Panther: Wakanda Forever,TRUE
2025 Topps Marvel The Collector,MARVEL TOMORROW,MT-19,Monica Rambeau,The Marvels,TRUE
2025 Topps Marvel The Collector,MARVEL TOMORROW,MT-20,Human Torch,The Fantastic Four: First Steps,TRUE
2025 Topps Marvel The Collector,MARVEL TOMORROW,MT-21,The Thing,The Fantastic Four: First Steps,TRUE
2025 Topps Marvel The Collector,MARVEL TOMORROW,MT-22,Invisible Woman,The Fantastic Four: First Steps,TRUE
2025 Topps Marvel The Collector,MARVEL TOMORROW,MT-23,Sylvie,Loki,TRUE
2025 Topps Marvel The Collector,MARVEL TOMORROW,MT-24,Kate Bishop,Hawkeye,TRUE
2025 Topps Marvel The Collector,MARVEL TOMORROW,MT-25,Sentry,Thunderbolts*,TRUE
2025 Topps Marvel The Collector,VILLAINY,V-01,Thanos,,TRUE
2025 Topps Marvel The Collector,VILLAINY,V-02,Galactus,,TRUE
2025 Topps Marvel The Collector,VILLAINY,V-03,Ultron,,TRUE
2025 Topps Marvel The Collector,VILLAINY,V-04,Namor,,TRUE
2025 Topps Marvel The Collector,VILLAINY,V-05,Malekith,,TRUE
2025 Topps Marvel The Collector,VILLAINY,V-06,Aldrich Killian,,TRUE
2025 Topps Marvel The Collector,VILLAINY,V-07,Erik Killmonger,,TRUE
2025 Topps Marvel The Collector,VILLAINY,V-08,Ronan,,TRUE
2025 Topps Marvel The Collector,VILLAINY,V-09,Ego,,TRUE
2025 Topps Marvel The Collector,VILLAINY,V-10,Justin Hammer,,TRUE
2025 Topps Marvel The Collector,VILLAINY,V-11,Iron Monger,,TRUE
2025 Topps Marvel The Collector,VILLAINY,V-12,Crossbones,,TRUE
2025 Topps Marvel The Collector,VILLAINY,V-13,Yellowjacket,,TRUE
2025 Topps Marvel The Collector,VILLAINY,V-14,Baron Zemo,,TRUE
2025 Topps Marvel The Collector,VILLAINY,V-15,Wilson Fisk,,TRUE
2025 Topps Marvel The Collector,VILLAINY,V-16,Kaecilius,,TRUE
2025 Topps Marvel The Collector,VILLAINY,V-17,Hela,,TRUE
2025 Topps Marvel The Collector,VILLAINY,V-18,Dar-Benn,,TRUE
2025 Topps Marvel The Collector,VILLAINY,V-19,Grandmaster,,TRUE
2025 Topps Marvel The Collector,VILLAINY,V-20,Agatha Harkness,,TRUE
2025 Topps Marvel The Collector,VILLAINY,V-21,Wenwu,,TRUE
2025 Topps Marvel The Collector,VILLAINY,V-22,M.O.D.O.K.,,TRUE
2025 Topps Marvel The Collector,VILLAINY,V-23,Yon-Rogg,,TRUE
2025 Topps Marvel The Collector,VILLAINY,V-24,Red Hulk,,TRUE
2025 Topps Marvel The Collector,VILLAINY,V-25,The Void,,TRUE
2025 Topps Marvel The Collector,SHOW STOPPERS,ST-1,Avengers Assembled,,TRUE
2025 Topps Marvel The Collector,SHOW STOPPERS,ST-2,Tony Tests His Mark,,TRUE
2025 Topps Marvel The Collector,SHOW STOPPERS,ST-3,An Explosive Escape,,TRUE
2025 Topps Marvel The Collector,SHOW STOPPERS,ST-4,A Universal Threat Emerges,,TRUE
2025 Topps Marvel The Collector,SHOW STOPPERS,ST-5,Mayhem in Monaco,,TRUE
2025 Topps Marvel The Collector,SHOW STOPPERS,ST-6,The Battle of Wakanda,,TRUE
2025 Topps Marvel The Collector,SHOW STOPPERS,ST-7,Strength of the Winter Soldier,,TRUE
2025 Topps Marvel The Collector,SHOW STOPPERS,ST-8,Victorious,,TRUE
2025 Topps Marvel The Collector,SHOW STOPPERS,ST-9,Swinging Into Action,,TRUE
2025 Topps Marvel The Collector,SHOW STOPPERS,ST-10,Reaching For Infinity,,TRUE
2025 Topps Marvel The Collector,SHOW STOPPERS,ST-11,Wanda's Sacrifice,,TRUE
2025 Topps Marvel The Collector,SHOW STOPPERS,ST-12,Suiting Up For Battle,,TRUE
2025 Topps Marvel The Collector,SHOW STOPPERS,ST-13,Thor Confronts Gorr,,TRUE
2025 Topps Marvel The Collector,SHOW STOPPERS,ST-14,The Marvels United,,TRUE
2025 Topps Marvel The Collector,SHOW STOPPERS,ST-15,Shuri Takes Up The Mantle,,TRUE
2025 Topps Marvel The Collector,SHOW STOPPERS,ST-16,Rocket Leads The Charge,,TRUE
2025 Topps Marvel The Collector,SHOW STOPPERS,ST-17,Rumble on the Runway,,TRUE
2025 Topps Marvel The Collector,SHOW STOPPERS,ST-18,Bargaining with Dormammu,,TRUE
2025 Topps Marvel The Collector,SHOW STOPPERS,ST-19,Ego's Secrets Revealed,,TRUE
2025 Topps Marvel The Collector,SHOW STOPPERS,ST-20,Fending Off Fenris,,TRUE
2025 Topps Marvel The Collector,SHOW STOPPERS,ST-21,Upgrades Unleashed,,TRUE
2025 Topps Marvel The Collector,SHOW STOPPERS,ST-22,Tony Stark's Final Stand,,TRUE
2025 Topps Marvel The Collector,SHOW STOPPERS,ST-23,Earth's Last Hope,,TRUE
2025 Topps Marvel The Collector,SHOW STOPPERS,ST-24,A Legacy Lives On,,TRUE
2025 Topps Marvel The Collector,SHOW STOPPERS,ST-25,Introducing The New Avengers,,TRUE
2025 Topps Marvel The Collector,INFINITY GAUNTLET,IG-1,Thanos,,TRUE
2025 Topps Marvel The Collector,INFINITY GAUNTLET,IG-2,Thanos,,TRUE
2025 Topps Marvel The Collector,INFINITY GAUNTLET,IG-3,Thanos,,TRUE
2025 Topps Marvel The Collector,INFINITY GAUNTLET,IG-4,Thanos,,TRUE
2025 Topps Marvel The Collector,INFINITY GAUNTLET,IG-5,Thanos,,TRUE
2025 Topps Marvel The Collector,INFINITY GAUNTLET,IG-6,Thanos,,TRUE
2025 Topps Marvel The Collector,AUTOGRAPH VARIATION,MP-AO,Pietro Maximoff,,TRUE
2025 Topps Marvel The Collector,AUTOGRAPH VARIATION,MP-BL,Captain Marvel,,TRUE
2025 Topps Marvel The Collector,AUTOGRAPH VARIATION,MP-CG,Phil Coulson,,TRUE
2025 Topps Marvel The Collector,AUTOGRAPH VARIATION,MP-CL,Yellowjacket,,TRUE
2025 Topps Marvel The Collector,AUTOGRAPH VARIATION,MP-CS,Maria Hill,,TRUE
2025 Topps Marvel The Collector,AUTOGRAPH VARIATION,MP-CT,Clea,,TRUE
2025 Topps Marvel The Collector,AUTOGRAPH VARIATION,MP-DC,War Machine,,TRUE
2025 Topps Marvel The Collector,AUTOGRAPH VARIATION,MP-DR,Falcon,,TRUE
2025 Topps Marvel The Collector,AUTOGRAPH VARIATION,MP-DT,Ironheart,,TRUE
2025 Topps Marvel The Collector,AUTOGRAPH VARIATION,MP-EC,G'iah,,TRUE
2025 Topps Marvel The Collector,AUTOGRAPH VARIATION,MP-EL,Hope van Dyne,,TRUE
2025 Topps Marvel The Collector,AUTOGRAPH VARIATION,MP-EMB,The Thing,,TRUE
2025 Topps Marvel The Collector,AUTOGRAPH VARIATION,MP-EO,Wanda Maximoff,,TRUE
2025 Topps Marvel The Collector,AUTOGRAPH VARIATION,MP-FW,Zuri,,TRUE
2025 Topps Marvel The Collector,AUTOGRAPH VARIATION,MP-GE,Sidewinder,,TRUE
2025 Topps Marvel The Collector,AUTOGRAPH VARIATION,MP-GP,Pepper Potts,,TRUE
2025 Topps Marvel The Collector,AUTOGRAPH VARIATION,MP-HA,Peggy Carter,,TRUE
2025 Topps Marvel The Collector,AUTOGRAPH VARIATION,MP-IV,Ms. Marvel,,TRUE
2025 Topps Marvel The Collector,AUTOGRAPH VARIATION,MP-JA,Sif,,TRUE
2025 Topps Marvel The Collector,AUTOGRAPH VARIATION,MP-JLD,Valentina Allegra de Fontaine,,TRUE
2025 Topps Marvel The Collector,AUTOGRAPH VARIATION,MP-JQ,Human Torch,,TRUE
2025 Topps Marvel The Collector,AUTOGRAPH VARIATION,MP-JR,Hawkeye,,TRUE
2025 Topps Marvel The Collector,AUTOGRAPH VARIATION,MP-KG,Nebula,,TRUE
2025 Topps Marvel The Collector,AUTOGRAPH VARIATION,MP-KH,Agatha Harkness,,TRUE
2025 Topps Marvel The Collector,AUTOGRAPH VARIATION,MP-LP,Sentry,,TRUE
2025 Topps Marvel The Collector,AUTOGRAPH VARIATION,MP-MJ,Erik Killmonger,,TRUE
2025 Topps Marvel The Collector,AUTOGRAPH VARIATION,MP-MR,Yondu,,TRUE
2025 Topps Marvel The Collector,AUTOGRAPH VARIATION,MP-PB,Vision,,TRUE
2025 Topps Marvel The Collector,AUTOGRAPH VARIATION,MP-PK,Mantis,,TRUE
2025 Topps Marvel The Collector,AUTOGRAPH VARIATION,MP-PR,Ant-Man,,TRUE
2025 Topps Marvel The Collector,AUTOGRAPH VARIATION,MP-SK,Dr. Erik Selvig,,TRUE
2025 Topps Marvel The Collector,AUTOGRAPH VARIATION,MP-SL,Shang-Chi,,TRUE
2025 Topps Marvel The Collector,AUTOGRAPH VARIATION,MP-SS,Bucky Barnes,,TRUE
2025 Topps Marvel The Collector,AUTOGRAPH VARIATION,MP-THM,Namor,,TRUE
2025 Topps Marvel The Collector,AUTOGRAPH VARIATION,MP-TM,She-Hulk,,TRUE
2025 Topps Marvel The Collector,AUTOGRAPH VARIATION,MP-TP,Monica Rambeau,,TRUE
2025 Topps Marvel The Collector,AUTOGRAPH VARIATION,MP-TS,The Ancient One,,TRUE
2025 Topps Marvel The Collector,AUTOGRAPH VARIATION,MP-TW,Korg,,TRUE
2025 Topps Marvel The Collector,AUTOGRAPH VARIATION,MP-VK,Invisible Woman,,TRUE
2025 Topps Marvel The Collector,AUTOGRAPH VARIATION,MP-WR,John F. Walker,,TRUE
2025 Topps Marvel The Collector,DUAL AUTOGRAPHS,DA-CJ,Chris Evans,Captain America,TRUE
2025 Topps Marvel The Collector,DUAL AUTOGRAPHS,DA-CJ,Jeremy Renner,Hawkeye,TRUE
2025 Topps Marvel The Collector,DUAL AUTOGRAPHS,DA-EJ,Ebon Moss-Bachrach,The Thing,TRUE
2025 Topps Marvel The Collector,DUAL AUTOGRAPHS,DA-EJ,Joseph Quinn,Human Torch,TRUE
2025 Topps Marvel The Collector,DUAL AUTOGRAPHS,DA-JE,Josh Brolin,Thanos,TRUE
2025 Topps Marvel The Collector,DUAL AUTOGRAPHS,DA-JE,Elizabeth Olsen,Wanda Maximoff,TRUE
2025 Topps Marvel The Collector,DUAL AUTOGRAPHS,DA-PE,Paul Rudd,Ant-Man,TRUE
2025 Topps Marvel The Collector,DUAL AUTOGRAPHS,DA-PE,Evangeline Lilly,The Wasp,TRUE
2025 Topps Marvel The Collector,DUAL AUTOGRAPHS,DA-PV,Pedro Pascal,Mister Fantastic,TRUE
2025 Topps Marvel The Collector,DUAL AUTOGRAPHS,DA-PV,Vanessa Kirby,Invisible Woman,TRUE
2025 Topps Marvel The Collector,TREASURES OF ASGARD,TA-AH,Anthony Hopkins,Odin,TRUE
2025 Topps Marvel The Collector,TREASURES OF ASGARD,TA-CB,Cate Blanchett,Hela,TRUE
2026 Topps Marvel The Collector,TREASURES OF ASGARD,TA-CE,Christopher Eccleston,Malekith,TRUE
2027 Topps Marvel The Collector,TREASURES OF ASGARD,TA-CF,Colm Feore,King Laufey,TRUE
2028 Topps Marvel The Collector,TREASURES OF ASGARD,TA-JA,Jaimie Alexander,Sif,TRUE
2029 Topps Marvel The Collector,TREASURES OF ASGARD,TA-JD,Josh Dallas,Fandral,TRUE
2030 Topps Marvel The Collector,TREASURES OF ASGARD,TA-NP,Natalie Portman,Dr. Jane Foster,TRUE
2031 Topps Marvel The Collector,TREASURES OF ASGARD,TA-RR,Rene Russo,Frigga,TRUE
2032 Topps Marvel The Collector,TREASURES OF ASGARD,TA-TT,Tessa Thompson,Valkyrie,TRUE
2033 Topps Marvel The Collector,TREASURES OF ASGARD,TA-TW,Taika Waititi,Korg,TRUE
2034 Topps Marvel The Collector,INFINITY GAUNTLET - AUTOGRAPH,IG-JB1,Josh Brolin,Thanos,TRUE
2035 Topps Marvel The Collector,INFINITY GAUNTLET - AUTOGRAPH,IG-JB2,Josh Brolin,Thanos,TRUE
2036 Topps Marvel The Collector,INFINITY GAUNTLET - AUTOGRAPH,IG-JB3,Josh Brolin,Thanos,TRUE
2037 Topps Marvel The Collector,INFINITY GAUNTLET - AUTOGRAPH,IG-JB4,Josh Brolin,Thanos,TRUE
2038 Topps Marvel The Collector,INFINITY GAUNTLET - AUTOGRAPH,IG-JB5,Josh Brolin,Thanos,TRUE
2039 Topps Marvel The Collector,INFINITY GAUNTLET - AUTOGRAPH,IG-JB6,Josh Brolin,Thanos,TRUE
2040 Topps Marvel The Collector,THE COLLECTORS MUSEUM,TM-AS,Angela Bassett,Ramonda,TRUE
2041 Topps Marvel The Collector,THE COLLECTORS MUSEUM,TM-BK,Barry Keoghan,Druig,TRUE
2042 Topps Marvel The Collector,THE COLLECTORS MUSEUM,TM-BL,Brie Larson,Captain Marvel,TRUE
2043 Topps Marvel The Collector,THE COLLECTORS MUSEUM,TM-BT,Benicio Del Toro,The Collector,TRUE
2044 Topps Marvel The Collector,THE COLLECTORS MUSEUM,TM-CB,Cate Blanchett,Hela,TRUE
2045 Topps Marvel The Collector,THE COLLECTORS MUSEUM,TM-DC,Don Cheadle,War Machine,TRUE
2046 Topps Marvel The Collector,THE COLLECTORS MUSEUM,TM-DT,Dominique Thorne,Riri Williams,TRUE
2047 Topps Marvel The Collector,THE COLLECTORS MUSEUM,TM-EC,Emilia Clarke,G'iah,TRUE
2048 Topps Marvel The Collector,THE COLLECTORS MUSEUM,TM-ED,Elizabeth Debicki,Ayesha,TRUE
2049 Topps Marvel The Collector,THE COLLECTORS MUSEUM,TM-EL,Evangeline Lilly,The Wasp,TRUE
2050 Topps Marvel The Collector,THE COLLECTORS MUSEUM,TM-EMB,Ebon Moss-Bachrach,The Thing,TRUE
2051 Topps Marvel The Collector,THE COLLECTORS MUSEUM,TM-EO,Elizabeth Olsen,Wanda Maximoff,TRUE
2052 Topps Marvel The Collector,THE COLLECTORS MUSEUM,TM-FW,Forest Whitaker,Zuri,TRUE
2053 Topps Marvel The Collector,THE COLLECTORS MUSEUM,TM-HA,Hayley Atwell,Peggy Carter,TRUE
2054 Topps Marvel The Collector,THE COLLECTORS MUSEUM,TM-IV,Iman Vellani,Ms. Marvel,TRUE
2055 Topps Marvel The Collector,THE COLLECTORS MUSEUM,TM-JQ,Joseph Quinn,Human Torch,TRUE
2056 Topps Marvel The Collector,THE COLLECTORS MUSEUM,TM-JR,Jeremy Renner,Hawkeye,TRUE
2057 Topps Marvel The Collector,THE COLLECTORS MUSEUM,TM-KG,Karen Gillan,Nebula,TRUE
2058 Topps Marvel The Collector,THE COLLECTORS MUSEUM,TM-KH,Kathryn Hahn,Agatha Harkness,TRUE
2059 Topps Marvel The Collector,THE COLLECTORS MUSEUM,TM-LP,Lee Pace,Ronan,TRUE
2060 Topps Marvel The Collector,THE COLLECTORS MUSEUM,TM-MB,Maria Bakalova,Cosmo,TRUE
2061 Topps Marvel The Collector,THE COLLECTORS MUSEUM,TM-MJ,Michael B. Jordan,Erik Killmonger,TRUE
2062 Topps Marvel The Collector,THE COLLECTORS MUSEUM,TM-PB,Paul Bettany,Vision,TRUE
2063 Topps Marvel The Collector,THE COLLECTORS MUSEUM,TM-PK,Pom Klementieff,Mantis,TRUE
2064 Topps Marvel The Collector,THE COLLECTORS MUSEUM,TM-SDM,Sophia Di Martino,Sylvie,TRUE
2065 Topps Marvel The Collector,THE COLLECTORS MUSEUM,TM-THM,Tenoch Huerta,Namor,TRUE
2066 Topps Marvel The Collector,THE COLLECTORS MUSEUM,TM-TM,Tatiana Maslany,She-Hulk,TRUE
2067 Topps Marvel The Collector,THE COLLECTORS MUSEUM,TM-TP,Teyonah Parris,Monica Rambeau,TRUE
2068 Topps Marvel The Collector,THE COLLECTORS MUSEUM,TM-VK,Vanessa Kirby,Invisible Woman,TRUE
2069 Topps Marvel The Collector,THE COLLECTORS MUSEUM,TM-WR,Wyatt Russell,John F. Walker,TRUE
2070 Topps Marvel The Collector,SKETCH--MARVEL ARTHOUSE,1,Ariel Aguire,,TRUE
2071 Topps Marvel The Collector,SKETCH--MARVEL ARTHOUSE,2,Ariel Mamani,,TRUE
2072 Topps Marvel The Collector,SKETCH--MARVEL ARTHOUSE,3,Ash,,TRUE
2073 Topps Marvel The Collector,SKETCH--MARVEL ARTHOUSE,4,Charlie Cody,,TRUE
2074 Topps Marvel The Collector,SKETCH--MARVEL ARTHOUSE,5,Chris Foreman,,TRUE
2075 Topps Marvel The Collector,SKETCH--MARVEL ARTHOUSE,6,Chris Meeks,,TRUE
2076 Topps Marvel The Collector,SKETCH--MARVEL ARTHOUSE,7,Cisco Rivera,,TRUE
2077 Topps Marvel The Collector,SKETCH--MARVEL ARTHOUSE,8,Cyrus Sherkat,,TRUE
2078 Topps Marvel The Collector,SKETCH--MARVEL ARTHOUSE,9,Darrin Pepe,,TRUE
2079 Topps Marvel The Collector,SKETCH--MARVEL ARTHOUSE,10,Dove McHargue,,TRUE
2080 Topps Marvel The Collector,SKETCH--MARVEL ARTHOUSE,11,Duke,,TRUE
2081 Topps Marvel The Collector,SKETCH--MARVEL ARTHOUSE,12,Dylan Riley,,TRUE
2082 Topps Marvel The Collector,SKETCH--MARVEL ARTHOUSE,13,Eric Lehtonen,,TRUE
2083 Topps Marvel The Collector,SKETCH--MARVEL ARTHOUSE,14,Frank A. Kadar,,TRUE
2084 Topps Marvel The Collector,SKETCH--MARVEL ARTHOUSE,15,Gary Shipman,,TRUE
2085 Topps Marvel The Collector,SKETCH--MARVEL ARTHOUSE,16,Getatom,,TRUE
2086 Topps Marvel The Collector,SKETCH--MARVEL ARTHOUSE,17,Ian M Sateikis,,TRUE
2087 Topps Marvel The Collector,SKETCH--MARVEL ARTHOUSE,18,Isiah Xavier Bradley,,TRUE
2088 Topps Marvel The Collector,SKETCH--MARVEL ARTHOUSE,19,Jason Christner,,TRUE
2089 Topps Marvel The Collector,SKETCH--MARVEL ARTHOUSE,20,Jason Crosby,,TRUE
2090 Topps Marvel The Collector,SKETCH--MARVEL ARTHOUSE,21,Jason Queen,,TRUE
2091 Topps Marvel The Collector,SKETCH--MARVEL ARTHOUSE,22,Jason Rodriguez,,TRUE
2092 Topps Marvel The Collector,SKETCH--MARVEL ARTHOUSE,23,Jay Peteranetz,,TRUE
2093 Topps Marvel The Collector,SKETCH--MARVEL ARTHOUSE,24,Joe Rubinstein,,TRUE
2094 Topps Marvel The Collector,SKETCH--MARVEL ARTHOUSE,25,Lucas,,TRUE
2095 Topps Marvel The Collector,SKETCH--MARVEL ARTHOUSE,26,Michael Mastermaker,,TRUE
2096 Topps Marvel The Collector,SKETCH--MARVEL ARTHOUSE,27,Mike Stephens,,TRUE
2097 Topps Marvel The Collector,SKETCH--MARVEL ARTHOUSE,28,Mirko Di Noia,,TRUE
2098 Topps Marvel The Collector,SKETCH--MARVEL ARTHOUSE,29,Patricio Carrasco,,TRUE
2099 Topps Marvel The Collector,SKETCH--MARVEL ARTHOUSE,30,Rich Hennemann,,TRUE
2100 Topps Marvel The Collector,SKETCH--MARVEL ARTHOUSE,31,Sturdy,,TRUE
2101 Topps Marvel The Collector,SKETCH--MARVEL ARTHOUSE,32,Tim Shinn,,TRUE
2102 Topps Marvel The Collector,SKETCH--MARVEL ARTHOUSE,33,Vicente Moavero,,TRUE