subset,name,cardNumber,isInsert,rarity,frontImageUrl,backImageUrl,description,price
"Base","The Fantastic Four Are Born!",1,false,,,,,
"Base","With Great Power…",2,false,,,,,
"Base","The Return of Captain America!",3,false,,,,,
"Base","X-Men: The Strangest Super Heroes of All!",4,false,,,,,
"Base","Hawkeye Strikes!",5,false,,,,,
"Base","Final Chapter",6,false,,,,,
"Base","The Coming of Galactus",7,false,,,,,
"Base","The Black Panther!",8,false,,,,,
"Base","Face It, Tiger…",9,false,,,,,
"Base","Agent of S.H.I.E.L.D.!",10,false,,,,,
"Base","The Kree-Skrull War",11,false,,,,,
"Base","The Night Gwen Stacy Died",12,false,,,,,
"Base","The Champions!",13,false,,,,,
"Base","And Now… The Wolverine!",14,false,,,,,
"Base","X-Men: Second Genesis",15,false,,,,,
"Base","The Eternals",16,false,,,,,
"Base","What if…?",17,false,,,,,
"Base","Iron Man: Demon in a Bottle",18,false,,,,,
"Base","Dark Phoenix Saga",19,false,,,,,
"Base","The Death of Captain Marvel",20,false,,,,,
"Base","The Death of Elektra",21,false,,,,,
"Base","The New Captain Marvel",22,false,,,,,
"Base","Night of The Hobgoblin",23,false,,,,,
"Base","Professor Xavier is a Jerk!",24,false,,,,,
"Base","The Worthy Beta Ray Bill",25,false,,,,,
"Base","The Spectacular Spider-Ham!",26,false,,,,,
"Base","The Black Costume",27,false,,,,,
"Base","Apocalypse Now!",28,false,,,,,
"Base","Gray Hulk",29,false,,,,,
"Base","The Wedding of Peter and MJ",30,false,,,,,
"Base","Kraven's Last Hunt",31,false,,,,,
"Base","Armor Wars",32,false,,,,,
"Base","Venom",33,false,,,,,
"Base","Inferno",34,false,,,,,
"Base","She-Hulk Breaks the Fourth Wall",35,false,,,,,
"Base","Enter… Deadpool!",36,false,,,,,
"Base","Infinity Gauntlet",37,false,,,,,
"Base","X-Men: Mutant Genesis 2.0",38,false,,,,,
"Base","War Machine",39,false,,,,,
"Base","Carnage: Savage Genesis!",40,false,,,,,
"Base","An Invisible Enemy",41,false,,,,,
"Base","The Clone Saga Begins",42,false,,,,,
"Base","Age of Apocalypse",43,false,,,,,
"Base","Onslaught",44,false,,,,,
"Base","Heroes Reborn",45,false,,,,,
"Base","Night of the Goblin",46,false,,,,,
"Base","Justice, Like Lightning…",47,false,,,,,
"Base","Heroes Return",48,false,,,,,
"Base","Guardian Devil",49,false,,,,,
"Base","Earth X",50,false,,,,,
"Base","The Sentry",51,false,,,,,
"Base","The Ultimate Universe",52,false,,,,,
"Base","E is for Extinction",53,false,,,,,
"Base","Wolverine: Origin",54,false,,,,,
"Base","Avengers Disassembled!",55,false,,,,,
"Base","New Avengers",56,false,,,,,
"Base","Runaways: Teenagers On The Run!",57,false,,,,,
"Base","X-23",58,false,,,,,
"Base","Wolverine: Public Enemy",59,false,,,,,
"Base","New, Young Avengers",60,false,,,,,
"Base","No More Mutants",61,false,,,,,
"Base","Planet Hulk",62,false,,,,,
"Base","Civil War",63,false,,,,,
"Base","The Immortal Iron Fist",64,false,,,,,
"Base","The Illuminati",65,false,,,,,
"Base","The Death of Captain America",66,false,,,,,
"Base","Annihilation",67,false,,,,,
"Base","One More Day",68,false,,,,,
"Base","Asgardians Reborn",69,false,,,,,
"Base","A New Captain America",70,false,,,,,
"Base","World War Hulk",71,false,,,,,
"Base","Secret Invasion",72,false,,,,,
"Base","Dark Reign Begins",73,false,,,,,
"Base","Siege",74,false,,,,,
"Base","The Heroic Age",75,false,,,,,
"Base","The Death of The Human Torch",76,false,,,,,
"Base","Fear Itself",77,false,,,,,
"Base","Miles Morales: Spider-Man",78,false,,,,,
"Base","The New Guardians of the Galaxy",79,false,,,,,
"Base","Avengers Vs X-Men",80,false,,,,,
"Base","The God Butcher",81,false,,,,,
"Base","Superior Spider-Man",82,false,,,,,
"Base","Age of Ultron",83,false,,,,,
"Base","Infinity",84,false,,,,,
"Base","The New Ms. Marvel",85,false,,,,,
"Base","Who Killed The Watcher?",86,false,,,,,
"Base","Spider-Gwen",87,false,,,,,
"Base","Spider-Verse",88,false,,,,,
"Base","Sam Wilson is Captain America",89,false,,,,,
"Base","Secret Wars",90,false,,,,,
"Base","The Goddess of Thunder",91,false,,,,,
"Base","Secret Empire",92,false,,,,,
"Base","The Krakoan Age",93,false,,,,,
"Base","The King in Black is Coming!",94,false,,,,,
"Base","Enter… Spider-Boy!",95,false,,,,,
"Base","Ultimate Invasion",96,false,,,,,
"Base","The New Ultimate Spider-Man",97,false,,,,,
"Base","Blood Hunt",98,false,,,,,
"Base","X-Men: From the Ashes…",99,false,,,,,
"Base","One World Under Doom",100,false,,,,,
"Metal Holo","The Fantastic Four Are Born!",1,true,,,,,
"Metal Holo","With Great Power…",2,true,,,,,
"Metal Holo","The Return of Captain America!",3,true,,,,,
"Metal Holo","X-Men: The Strangest Super Heroes of All!",4,true,,,,,
"Metal Holo","Hawkeye Strikes!",5,true,,,,,
"Metal Holo","Final Chapter",6,true,,,,,
"Metal Holo","The Coming of Galactus",7,true,,,,,
"Metal Holo","The Black Panther!",8,true,,,,,
"Metal Holo","Face It, Tiger…",9,true,,,,,
"Metal Holo","Agent of S.H.I.E.L.D.!",10,true,,,,,
"Metal Holo","The Kree-Skrull War",11,true,,,,,
"Metal Holo","The Night Gwen Stacy Died",12,true,,,,,
"Metal Holo","The Champions!",13,true,,,,,
"Metal Holo","And Now… The Wolverine!",14,true,,,,,
"Metal Holo","X-Men: Second Genesis",15,true,,,,,
"Metal Holo","The Eternals",16,true,,,,,
"Metal Holo","What if…?",17,true,,,,,
"Metal Holo","Iron Man: Demon in a Bottle",18,true,,,,,
"Metal Holo","Dark Phoenix Saga",19,true,,,,,
"Metal Holo","The Death of Captain Marvel",20,true,,,,,
"Metal Holo","The Death of Elektra",21,true,,,,,
"Metal Holo","The New Captain Marvel",22,true,,,,,
"Metal Holo","Night of The Hobgoblin",23,true,,,,,
"Metal Holo","Professor Xavier is a Jerk!",24,true,,,,,
"Metal Holo","The Worthy Beta Ray Bill",25,true,,,,,
"Metal Holo","The Spectacular Spider-Ham!",26,true,,,,,
"Metal Holo","The Black Costume",27,true,,,,,
"Metal Holo","Apocalypse Now!",28,true,,,,,
"Metal Holo","Gray Hulk",29,true,,,,,
"Metal Holo","The Wedding of Peter and MJ",30,true,,,,,
"Metal Holo","Kraven's Last Hunt",31,true,,,,,
"Metal Holo","Armor Wars",32,true,,,,,
"Metal Holo","Venom",33,true,,,,,
"Metal Holo","Inferno",34,true,,,,,
"Metal Holo","She-Hulk Breaks the Fourth Wall",35,true,,,,,
"Metal Holo","Enter… Deadpool!",36,true,,,,,
"Metal Holo","Infinity Gauntlet",37,true,,,,,
"Metal Holo","X-Men: Mutant Genesis 2.0",38,true,,,,,
"Metal Holo","War Machine",39,true,,,,,
"Metal Holo","Carnage: Savage Genesis!",40,true,,,,,
"Metal Holo","An Invisible Enemy",41,true,,,,,
"Metal Holo","The Clone Saga Begins",42,true,,,,,
"Metal Holo","Age of Apocalypse",43,true,,,,,
"Metal Holo","Onslaught",44,true,,,,,
"Metal Holo","Heroes Reborn",45,true,,,,,
"Metal Holo","Night of the Goblin",46,true,,,,,
"Metal Holo","Justice, Like Lightning…",47,true,,,,,
"Metal Holo","Heroes Return",48,true,,,,,
"Metal Holo","Guardian Devil",49,true,,,,,
"Metal Holo","Earth X",50,true,,,,,
"Metal Holo","The Sentry",51,true,,,,,
"Metal Holo","The Ultimate Universe",52,true,,,,,
"Metal Holo","E is for Extinction",53,true,,,,,
"Metal Holo","Wolverine: Origin",54,true,,,,,
"Metal Holo","Avengers Disassembled!",55,true,,,,,
"Metal Holo","New Avengers",56,true,,,,,
"Metal Holo","Runaways: Teenagers On The Run!",57,true,,,,,
"Metal Holo","X-23",58,true,,,,,
"Metal Holo","Wolverine: Public Enemy",59,true,,,,,
"Metal Holo","New, Young Avengers",60,true,,,,,
"Metal Holo","No More Mutants",61,true,,,,,
"Metal Holo","Planet Hulk",62,true,,,,,
"Metal Holo","Civil War",63,true,,,,,
"Metal Holo","The Immortal Iron Fist",64,true,,,,,
"Metal Holo","The Illuminati",65,true,,,,,
"Metal Holo","The Death of Captain America",66,true,,,,,
"Metal Holo","Annihilation",67,true,,,,,
"Metal Holo","One More Day",68,true,,,,,
"Metal Holo","Asgardians Reborn",69,true,,,,,
"Metal Holo","A New Captain America",70,true,,,,,
"Metal Holo","World War Hulk",71,true,,,,,
"Metal Holo","Secret Invasion",72,true,,,,,
"Metal Holo","Dark Reign Begins",73,true,,,,,
"Metal Holo","Siege",74,true,,,,,
"Metal Holo","The Heroic Age",75,true,,,,,
"Metal Holo","The Death of The Human Torch",76,true,,,,,
"Metal Holo","Fear Itself",77,true,,,,,
"Metal Holo","Miles Morales: Spider-Man",78,true,,,,,
"Metal Holo","The New Guardians of the Galaxy",79,true,,,,,
"Metal Holo","Avengers Vs X-Men",80,true,,,,,
"Metal Holo","The God Butcher",81,true,,,,,
"Metal Holo","Superior Spider-Man",82,true,,,,,
"Metal Holo","Age of Ultron",83,true,,,,,
"Metal Holo","Infinity",84,true,,,,,
"Metal Holo","The New Ms. Marvel",85,true,,,,,
"Metal Holo","Who Killed The Watcher?",86,true,,,,,
"Metal Holo","Spider-Gwen",87,true,,,,,
"Metal Holo","Spider-Verse",88,true,,,,,
"Metal Holo","Sam Wilson is Captain America",89,true,,,,,
"Metal Holo","Secret Wars",90,true,,,,,
"Metal Holo","The Goddess of Thunder",91,true,,,,,
"Metal Holo","Secret Empire",92,true,,,,,
"Metal Holo","The Krakoan Age",93,true,,,,,
"Metal Holo","The King in Black is Coming!",94,true,,,,,
"Metal Holo","Enter… Spider-Boy!",95,true,,,,,
"Metal Holo","Ultimate Invasion",96,true,,,,,
"Metal Holo","The New Ultimate Spider-Man",97,true,,,,,
"Metal Holo","Blood Hunt",98,true,,,,,
"Metal Holo","X-Men: From the Ashes…",99,true,,,,,
"Metal Holo","One World Under Doom",100,true,,,,,
"Stardust Holo","The Fantastic Four Are Born!",1,true,,,,,
"Stardust Holo","With Great Power…",2,true,,,,,
"Stardust Holo","The Return of Captain America!",3,true,,,,,
"Stardust Holo","X-Men: The Strangest Super Heroes of All!",4,true,,,,,
"Stardust Holo","Hawkeye Strikes!",5,true,,,,,
"Stardust Holo","Final Chapter",6,true,,,,,
"Stardust Holo","The Coming of Galactus",7,true,,,,,
"Stardust Holo","The Black Panther!",8,true,,,,,
"Stardust Holo","Face It, Tiger…",9,true,,,,,
"Stardust Holo","Agent of S.H.I.E.L.D.!",10,true,,,,,
"Stardust Holo","The Kree-Skrull War",11,true,,,,,
"Stardust Holo","The Night Gwen Stacy Died",12,true,,,,,
"Stardust Holo","The Champions!",13,true,,,,,
"Stardust Holo","And Now… The Wolverine!",14,true,,,,,
"Stardust Holo","X-Men: Second Genesis",15,true,,,,,
"Stardust Holo","The Eternals",16,true,,,,,
"Stardust Holo","What if…?",17,true,,,,,
"Stardust Holo","Iron Man: Demon in a Bottle",18,true,,,,,
"Stardust Holo","Dark Phoenix Saga",19,true,,,,,
"Stardust Holo","The Death of Captain Marvel",20,true,,,,,
"Stardust Holo","The Death of Elektra",21,true,,,,,
"Stardust Holo","The New Captain Marvel",22,true,,,,,
"Stardust Holo","Night of The Hobgoblin",23,true,,,,,
"Stardust Holo","Professor Xavier is a Jerk!",24,true,,,,,
"Stardust Holo","The Worthy Beta Ray Bill",25,true,,,,,
"Stardust Holo","The Spectacular Spider-Ham!",26,true,,,,,
"Stardust Holo","The Black Costume",27,true,,,,,
"Stardust Holo","Apocalypse Now!",28,true,,,,,
"Stardust Holo","Gray Hulk",29,true,,,,,
"Stardust Holo","The Wedding of Peter and MJ",30,true,,,,,
"Stardust Holo","Kraven's Last Hunt",31,true,,,,,
"Stardust Holo","Armor Wars",32,true,,,,,
"Stardust Holo","Venom",33,true,,,,,
"Stardust Holo","Inferno",34,true,,,,,
"Stardust Holo","She-Hulk Breaks the Fourth Wall",35,true,,,,,
"Stardust Holo","Enter… Deadpool!",36,true,,,,,
"Stardust Holo","Infinity Gauntlet",37,true,,,,,
"Stardust Holo","X-Men: Mutant Genesis 2.0",38,true,,,,,
"Stardust Holo","War Machine",39,true,,,,,
"Stardust Holo","Carnage: Savage Genesis!",40,true,,,,,
"Stardust Holo","An Invisible Enemy",41,true,,,,,
"Stardust Holo","The Clone Saga Begins",42,true,,,,,
"Stardust Holo","Age of Apocalypse",43,true,,,,,
"Stardust Holo","Onslaught",44,true,,,,,
"Stardust Holo","Heroes Reborn",45,true,,,,,
"Stardust Holo","Night of the Goblin",46,true,,,,,
"Stardust Holo","Justice, Like Lightning…",47,true,,,,,
"Stardust Holo","Heroes Return",48,true,,,,,
"Stardust Holo","Guardian Devil",49,true,,,,,
"Stardust Holo","Earth X",50,true,,,,,
"Stardust Holo","The Sentry",51,true,,,,,
"Stardust Holo","The Ultimate Universe",52,true,,,,,
"Stardust Holo","E is for Extinction",53,true,,,,,
"Stardust Holo","Wolverine: Origin",54,true,,,,,
"Stardust Holo","Avengers Disassembled!",55,true,,,,,
"Stardust Holo","New Avengers",56,true,,,,,
"Stardust Holo","Runaways: Teenagers On The Run!",57,true,,,,,
"Stardust Holo","X-23",58,true,,,,,
"Stardust Holo","Wolverine: Public Enemy",59,true,,,,,
"Stardust Holo","New, Young Avengers",60,true,,,,,
"Stardust Holo","No More Mutants",61,true,,,,,
"Stardust Holo","Planet Hulk",62,true,,,,,
"Stardust Holo","Civil War",63,true,,,,,
"Stardust Holo","The Immortal Iron Fist",64,true,,,,,
"Stardust Holo","The Illuminati",65,true,,,,,
"Stardust Holo","The Death of Captain America",66,true,,,,,
"Stardust Holo","Annihilation",67,true,,,,,
"Stardust Holo","One More Day",68,true,,,,,
"Stardust Holo","Asgardians Reborn",69,true,,,,,
"Stardust Holo","A New Captain America",70,true,,,,,
"Stardust Holo","World War Hulk",71,true,,,,,
"Stardust Holo","Secret Invasion",72,true,,,,,
"Stardust Holo","Dark Reign Begins",73,true,,,,,
"Stardust Holo","Siege",74,true,,,,,
"Stardust Holo","The Heroic Age",75,true,,,,,
"Stardust Holo","The Death of The Human Torch",76,true,,,,,
"Stardust Holo","Fear Itself",77,true,,,,,
"Stardust Holo","Miles Morales: Spider-Man",78,true,,,,,
"Stardust Holo","The New Guardians of the Galaxy",79,true,,,,,
"Stardust Holo","Avengers Vs X-Men",80,true,,,,,
"Stardust Holo","The God Butcher",81,true,,,,,
"Stardust Holo","Superior Spider-Man",82,true,,,,,
"Stardust Holo","Age of Ultron",83,true,,,,,
"Stardust Holo","Infinity",84,true,,,,,
"Stardust Holo","The New Ms. Marvel",85,true,,,,,
"Stardust Holo","Who Killed The Watcher?",86,true,,,,,
"Stardust Holo","Spider-Gwen",87,true,,,,,
"Stardust Holo","Spider-Verse",88,true,,,,,
"Stardust Holo","Sam Wilson is Captain America",89,true,,,,,
"Stardust Holo","Secret Wars",90,true,,,,,
"Stardust Holo","The Goddess of Thunder",91,true,,,,,
"Stardust Holo","Secret Empire",92,true,,,,,
"Stardust Holo","The Krakoan Age",93,true,,,,,
"Stardust Holo","The King in Black is Coming!",94,true,,,,,
"Stardust Holo","Enter… Spider-Boy!",95,true,,,,,
"Stardust Holo","Ultimate Invasion",96,true,,,,,
"Stardust Holo","The New Ultimate Spider-Man",97,true,,,,,
"Stardust Holo","Blood Hunt",98,true,,,,,
"Stardust Holo","X-Men: From the Ashes…",99,true,,,,,
"Stardust Holo","One World Under Doom",100,true,,,,,
"Glitch Holo","The Fantastic Four Are Born!",1,true,,,,,
"Glitch Holo","With Great Power…",2,true,,,,,
"Glitch Holo","The Return of Captain America!",3,true,,,,,
"Glitch Holo","X-Men: The Strangest Super Heroes of All!",4,true,,,,,
"Glitch Holo","Hawkeye Strikes!",5,true,,,,,
"Glitch Holo","Final Chapter",6,true,,,,,
"Glitch Holo","The Coming of Galactus",7,true,,,,,
"Glitch Holo","The Black Panther!",8,true,,,,,
"Glitch Holo","Face It, Tiger…",9,true,,,,,
"Glitch Holo","Agent of S.H.I.E.L.D.!",10,true,,,,,
"Glitch Holo","The Kree-Skrull War",11,true,,,,,
"Glitch Holo","The Night Gwen Stacy Died",12,true,,,,,
"Glitch Holo","The Champions!",13,true,,,,,
"Glitch Holo","And Now… The Wolverine!",14,true,,,,,
"Glitch Holo","X-Men: Second Genesis",15,true,,,,,
"Glitch Holo","The Eternals",16,true,,,,,
"Glitch Holo","What if…?",17,true,,,,,
"Glitch Holo","Iron Man: Demon in a Bottle",18,true,,,,,
"Glitch Holo","Dark Phoenix Saga",19,true,,,,,
"Glitch Holo","The Death of Captain Marvel",20,true,,,,,
"Glitch Holo","The Death of Elektra",21,true,,,,,
"Glitch Holo","The New Captain Marvel",22,true,,,,,
"Glitch Holo","Night of The Hobgoblin",23,true,,,,,
"Glitch Holo","Professor Xavier is a Jerk!",24,true,,,,,
"Glitch Holo","The Worthy Beta Ray Bill",25,true,,,,,
"Glitch Holo","The Spectacular Spider-Ham!",26,true,,,,,
"Glitch Holo","The Black Costume",27,true,,,,,
"Glitch Holo","Apocalypse Now!",28,true,,,,,
"Glitch Holo","Gray Hulk",29,true,,,,,
"Glitch Holo","The Wedding of Peter and MJ",30,true,,,,,
"Glitch Holo","Kraven's Last Hunt",31,true,,,,,
"Glitch Holo","Armor Wars",32,true,,,,,
"Glitch Holo","Venom",33,true,,,,,
"Glitch Holo","Inferno",34,true,,,,,
"Glitch Holo","She-Hulk Breaks the Fourth Wall",35,true,,,,,
"Glitch Holo","Enter… Deadpool!",36,true,,,,,
"Glitch Holo","Infinity Gauntlet",37,true,,,,,
"Glitch Holo","X-Men: Mutant Genesis 2.0",38,true,,,,,
"Glitch Holo","War Machine",39,true,,,,,
"Glitch Holo","Carnage: Savage Genesis!",40,true,,,,,
"Glitch Holo","An Invisible Enemy",41,true,,,,,
"Glitch Holo","The Clone Saga Begins",42,true,,,,,
"Glitch Holo","Age of Apocalypse",43,true,,,,,
"Glitch Holo","Onslaught",44,true,,,,,
"Glitch Holo","Heroes Reborn",45,true,,,,,
"Glitch Holo","Night of the Goblin",46,true,,,,,
"Glitch Holo","Justice, Like Lightning…",47,true,,,,,
"Glitch Holo","Heroes Return",48,true,,,,,
"Glitch Holo","Guardian Devil",49,true,,,,,
"Glitch Holo","Earth X",50,true,,,,,
"Glitch Holo","The Sentry",51,true,,,,,
"Glitch Holo","The Ultimate Universe",52,true,,,,,
"Glitch Holo","E is for Extinction",53,true,,,,,
"Glitch Holo","Wolverine: Origin",54,true,,,,,
"Glitch Holo","Avengers Disassembled!",55,true,,,,,
"Glitch Holo","New Avengers",56,true,,,,,
"Glitch Holo","Runaways: Teenagers On The Run!",57,true,,,,,
"Glitch Holo","X-23",58,true,,,,,
"Glitch Holo","Wolverine: Public Enemy",59,true,,,,,
"Glitch Holo","New, Young Avengers",60,true,,,,,
"Glitch Holo","No More Mutants",61,true,,,,,
"Glitch Holo","Planet Hulk",62,true,,,,,
"Glitch Holo","Civil War",63,true,,,,,
"Glitch Holo","The Immortal Iron Fist",64,true,,,,,
"Glitch Holo","The Illuminati",65,true,,,,,
"Glitch Holo","The Death of Captain America",66,true,,,,,
"Glitch Holo","Annihilation",67,true,,,,,
"Glitch Holo","One More Day",68,true,,,,,
"Glitch Holo","Asgardians Reborn",69,true,,,,,
"Glitch Holo","A New Captain America",70,true,,,,,
"Glitch Holo","World War Hulk",71,true,,,,,
"Glitch Holo","Secret Invasion",72,true,,,,,
"Glitch Holo","Dark Reign Begins",73,true,,,,,
"Glitch Holo","Siege",74,true,,,,,
"Glitch Holo","The Heroic Age",75,true,,,,,
"Glitch Holo","The Death of The Human Torch",76,true,,,,,
"Glitch Holo","Fear Itself",77,true,,,,,
"Glitch Holo","Miles Morales: Spider-Man",78,true,,,,,
"Glitch Holo","The New Guardians of the Galaxy",79,true,,,,,
"Glitch Holo","Avengers Vs X-Men",80,true,,,,,
"Glitch Holo","The God Butcher",81,true,,,,,
"Glitch Holo","Superior Spider-Man",82,true,,,,,
"Glitch Holo","Age of Ultron",83,true,,,,,
"Glitch Holo","Infinity",84,true,,,,,
"Glitch Holo","The New Ms. Marvel",85,true,,,,,
"Glitch Holo","Who Killed The Watcher?",86,true,,,,,
"Glitch Holo","Spider-Gwen",87,true,,,,,
"Glitch Holo","Spider-Verse",88,true,,,,,
"Glitch Holo","Sam Wilson is Captain America",89,true,,,,,
"Glitch Holo","Secret Wars",90,true,,,,,
"Glitch Holo","The Goddess of Thunder",91,true,,,,,
"Glitch Holo","Secret Empire",92,true,,,,,
"Glitch Holo","The Krakoan Age",93,true,,,,,
"Glitch Holo","The King in Black is Coming!",94,true,,,,,
"Glitch Holo","Enter… Spider-Boy!",95,true,,,,,
"Glitch Holo","Ultimate Invasion",96,true,,,,,
"Glitch Holo","The New Ultimate Spider-Man",97,true,,,,,
"Glitch Holo","Blood Hunt",98,true,,,,,
"Glitch Holo","X-Men: From the Ashes…",99,true,,,,,
"Glitch Holo","One World Under Doom",100,true,,,,,
"Sparkle Holo","The Fantastic Four Are Born!",1,true,,,,,
"Sparkle Holo","With Great Power…",2,true,,,,,
"Sparkle Holo","The Return of Captain America!",3,true,,,,,
"Sparkle Holo","X-Men: The Strangest Super Heroes of All!",4,true,,,,,
"Sparkle Holo","Hawkeye Strikes!",5,true,,,,,
"Sparkle Holo","Final Chapter",6,true,,,,,
"Sparkle Holo","The Coming of Galactus",7,true,,,,,
"Sparkle Holo","The Black Panther!",8,true,,,,,
"Sparkle Holo","Face It, Tiger…",9,true,,,,,
"Sparkle Holo","Agent of S.H.I.E.L.D.!",10,true,,,,,
"Sparkle Holo","The Kree-Skrull War",11,true,,,,,
"Sparkle Holo","The Night Gwen Stacy Died",12,true,,,,,
"Sparkle Holo","The Champions!",13,true,,,,,
"Sparkle Holo","And Now… The Wolverine!",14,true,,,,,
"Sparkle Holo","X-Men: Second Genesis",15,true,,,,,
"Sparkle Holo","The Eternals",16,true,,,,,
"Sparkle Holo","What if…?",17,true,,,,,
"Sparkle Holo","Iron Man: Demon in a Bottle",18,true,,,,,
"Sparkle Holo","Dark Phoenix Saga",19,true,,,,,
"Sparkle Holo","The Death of Captain Marvel",20,true,,,,,
"Sparkle Holo","The Death of Elektra",21,true,,,,,
"Sparkle Holo","The New Captain Marvel",22,true,,,,,
"Sparkle Holo","Night of The Hobgoblin",23,true,,,,,
"Sparkle Holo","Professor Xavier is a Jerk!",24,true,,,,,
"Sparkle Holo","The Worthy Beta Ray Bill",25,true,,,,,
"Sparkle Holo","The Spectacular Spider-Ham!",26,true,,,,,
"Sparkle Holo","The Black Costume",27,true,,,,,
"Sparkle Holo","Apocalypse Now!",28,true,,,,,
"Sparkle Holo","Gray Hulk",29,true,,,,,
"Sparkle Holo","The Wedding of Peter and MJ",30,true,,,,,
"Sparkle Holo","Kraven's Last Hunt",31,true,,,,,
"Sparkle Holo","Armor Wars",32,true,,,,,
"Sparkle Holo","Venom",33,true,,,,,
"Sparkle Holo","Inferno",34,true,,,,,
"Sparkle Holo","She-Hulk Breaks the Fourth Wall",35,true,,,,,
"Sparkle Holo","Enter… Deadpool!",36,true,,,,,
"Sparkle Holo","Infinity Gauntlet",37,true,,,,,
"Sparkle Holo","X-Men: Mutant Genesis 2.0",38,true,,,,,
"Sparkle Holo","War Machine",39,true,,,,,
"Sparkle Holo","Carnage: Savage Genesis!",40,true,,,,,
"Sparkle Holo","An Invisible Enemy",41,true,,,,,
"Sparkle Holo","The Clone Saga Begins",42,true,,,,,
"Sparkle Holo","Age of Apocalypse",43,true,,,,,
"Sparkle Holo","Onslaught",44,true,,,,,
"Sparkle Holo","Heroes Reborn",45,true,,,,,
"Sparkle Holo","Night of the Goblin",46,true,,,,,
"Sparkle Holo","Justice, Like Lightning…",47,true,,,,,
"Sparkle Holo","Heroes Return",48,true,,,,,
"Sparkle Holo","Guardian Devil",49,true,,,,,
"Sparkle Holo","Earth X",50,true,,,,,
"Sparkle Holo","The Sentry",51,true,,,,,
"Sparkle Holo","The Ultimate Universe",52,true,,,,,
"Sparkle Holo","E is for Extinction",53,true,,,,,
"Sparkle Holo","Wolverine: Origin",54,true,,,,,
"Sparkle Holo","Avengers Disassembled!",55,true,,,,,
"Sparkle Holo","New Avengers",56,true,,,,,
"Sparkle Holo","Runaways: Teenagers On The Run!",57,true,,,,,
"Sparkle Holo","X-23",58,true,,,,,
"Sparkle Holo","Wolverine: Public Enemy",59,true,,,,,
"Sparkle Holo","New, Young Avengers",60,true,,,,,
"Sparkle Holo","No More Mutants",61,true,,,,,
"Sparkle Holo","Planet Hulk",62,true,,,,,
"Sparkle Holo","Civil War",63,true,,,,,
"Sparkle Holo","The Immortal Iron Fist",64,true,,,,,
"Sparkle Holo","The Illuminati",65,true,,,,,
"Sparkle Holo","The Death of Captain America",66,true,,,,,
"Sparkle Holo","Annihilation",67,true,,,,,
"Sparkle Holo","One More Day",68,true,,,,,
"Sparkle Holo","Asgardians Reborn",69,true,,,,,
"Sparkle Holo","A New Captain America",70,true,,,,,
"Sparkle Holo","World War Hulk",71,true,,,,,
"Sparkle Holo","Secret Invasion",72,true,,,,,
"Sparkle Holo","Dark Reign Begins",73,true,,,,,
"Sparkle Holo","Siege",74,true,,,,,
"Sparkle Holo","The Heroic Age",75,true,,,,,
"Sparkle Holo","The Death of The Human Torch",76,true,,,,,
"Sparkle Holo","Fear Itself",77,true,,,,,
"Sparkle Holo","Miles Morales: Spider-Man",78,true,,,,,
"Sparkle Holo","The New Guardians of the Galaxy",79,true,,,,,
"Sparkle Holo","Avengers Vs X-Men",80,true,,,,,
"Sparkle Holo","The God Butcher",81,true,,,,,
"Sparkle Holo","Superior Spider-Man",82,true,,,,,
"Sparkle Holo","Age of Ultron",83,true,,,,,
"Sparkle Holo","Infinity",84,true,,,,,
"Sparkle Holo","The New Ms. Marvel",85,true,,,,,
"Sparkle Holo","Who Killed The Watcher?",86,true,,,,,
"Sparkle Holo","Spider-Gwen",87,true,,,,,
"Sparkle Holo","Spider-Verse",88,true,,,,,
"Sparkle Holo","Sam Wilson is Captain America",89,true,,,,,
"Sparkle Holo","Secret Wars",90,true,,,,,
"Sparkle Holo","The Goddess of Thunder",91,true,,,,,
"Sparkle Holo","Secret Empire",92,true,,,,,
"Sparkle Holo","The Krakoan Age",93,true,,,,,
"Sparkle Holo","The King in Black is Coming!",94,true,,,,,
"Sparkle Holo","Enter… Spider-Boy!",95,true,,,,,
"Sparkle Holo","Ultimate Invasion",96,true,,,,,
"Sparkle Holo","The New Ultimate Spider-Man",97,true,,,,,
"Sparkle Holo","Blood Hunt",98,true,,,,,
"Sparkle Holo","X-Men: From the Ashes…",99,true,,,,,
"Sparkle Holo","One World Under Doom",100,true,,,,,
"Crossed Holo","The Fantastic Four Are Born!",1,true,,,,,
"Crossed Holo","With Great Power…",2,true,,,,,
"Crossed Holo","The Return of Captain America!",3,true,,,,,
"Crossed Holo","X-Men: The Strangest Super Heroes of All!",4,true,,,,,
"Crossed Holo","Hawkeye Strikes!",5,true,,,,,
"Crossed Holo","Final Chapter",6,true,,,,,
"Crossed Holo","The Coming of Galactus",7,true,,,,,
"Crossed Holo","The Black Panther!",8,true,,,,,
"Crossed Holo","Face It, Tiger…",9,true,,,,,
"Crossed Holo","Agent of S.H.I.E.L.D.!",10,true,,,,,
"Crossed Holo","The Kree-Skrull War",11,true,,,,,
"Crossed Holo","The Night Gwen Stacy Died",12,true,,,,,
"Crossed Holo","The Champions!",13,true,,,,,
"Crossed Holo","And Now… The Wolverine!",14,true,,,,,
"Crossed Holo","X-Men: Second Genesis",15,true,,,,,
"Crossed Holo","The Eternals",16,true,,,,,
"Crossed Holo","What if…?",17,true,,,,,
"Crossed Holo","Iron Man: Demon in a Bottle",18,true,,,,,
"Crossed Holo","Dark Phoenix Saga",19,true,,,,,
"Crossed Holo","The Death of Captain Marvel",20,true,,,,,
"Crossed Holo","The Death of Elektra",21,true,,,,,
"Crossed Holo","The New Captain Marvel",22,true,,,,,
"Crossed Holo","Night of The Hobgoblin",23,true,,,,,
"Crossed Holo","Professor Xavier is a Jerk!",24,true,,,,,
"Crossed Holo","The Worthy Beta Ray Bill",25,true,,,,,
"Crossed Holo","The Spectacular Spider-Ham!",26,true,,,,,
"Crossed Holo","The Black Costume",27,true,,,,,
"Crossed Holo","Apocalypse Now!",28,true,,,,,
"Crossed Holo","Gray Hulk",29,true,,,,,
"Crossed Holo","The Wedding of Peter and MJ",30,true,,,,,
"Crossed Holo","Kraven's Last Hunt",31,true,,,,,
"Crossed Holo","Armor Wars",32,true,,,,,
"Crossed Holo","Venom",33,true,,,,,
"Crossed Holo","Inferno",34,true,,,,,
"Crossed Holo","She-Hulk Breaks the Fourth Wall",35,true,,,,,
"Crossed Holo","Enter… Deadpool!",36,true,,,,,
"Crossed Holo","Infinity Gauntlet",37,true,,,,,
"Crossed Holo","X-Men: Mutant Genesis 2.0",38,true,,,,,
"Crossed Holo","War Machine",39,true,,,,,
"Crossed Holo","Carnage: Savage Genesis!",40,true,,,,,
"Crossed Holo","An Invisible Enemy",41,true,,,,,
"Crossed Holo","The Clone Saga Begins",42,true,,,,,
"Crossed Holo","Age of Apocalypse",43,true,,,,,
"Crossed Holo","Onslaught",44,true,,,,,
"Crossed Holo","Heroes Reborn",45,true,,,,,
"Crossed Holo","Night of the Goblin",46,true,,,,,
"Crossed Holo","Justice, Like Lightning…",47,true,,,,,
"Crossed Holo","Heroes Return",48,true,,,,,
"Crossed Holo","Guardian Devil",49,true,,,,,
"Crossed Holo","Earth X",50,true,,,,,
"Crossed Holo","The Sentry",51,true,,,,,
"Crossed Holo","The Ultimate Universe",52,true,,,,,
"Crossed Holo","E is for Extinction",53,true,,,,,
"Crossed Holo","Wolverine: Origin",54,true,,,,,
"Crossed Holo","Avengers Disassembled!",55,true,,,,,
"Crossed Holo","New Avengers",56,true,,,,,
"Crossed Holo","Runaways: Teenagers On The Run!",57,true,,,,,
"Crossed Holo","X-23",58,true,,,,,
"Crossed Holo","Wolverine: Public Enemy",59,true,,,,,
"Crossed Holo","New, Young Avengers",60,true,,,,,
"Crossed Holo","No More Mutants",61,true,,,,,
"Crossed Holo","Planet Hulk",62,true,,,,,
"Crossed Holo","Civil War",63,true,,,,,
"Crossed Holo","The Immortal Iron Fist",64,true,,,,,
"Crossed Holo","The Illuminati",65,true,,,,,
"Crossed Holo","The Death of Captain America",66,true,,,,,
"Crossed Holo","Annihilation",67,true,,,,,
"Crossed Holo","One More Day",68,true,,,,,
"Crossed Holo","Asgardians Reborn",69,true,,,,,
"Crossed Holo","A New Captain America",70,true,,,,,
"Crossed Holo","World War Hulk",71,true,,,,,
"Crossed Holo","Secret Invasion",72,true,,,,,
"Crossed Holo","Dark Reign Begins",73,true,,,,,
"Crossed Holo","Siege",74,true,,,,,
"Crossed Holo","The Heroic Age",75,true,,,,,
"Crossed Holo","The Death of The Human Torch",76,true,,,,,
"Crossed Holo","Fear Itself",77,true,,,,,
"Crossed Holo","Miles Morales: Spider-Man",78,true,,,,,
"Crossed Holo","The New Guardians of the Galaxy",79,true,,,,,
"Crossed Holo","Avengers Vs X-Men",80,true,,,,,
"Crossed Holo","The God Butcher",81,true,,,,,
"Crossed Holo","Superior Spider-Man",82,true,,,,,
"Crossed Holo","Age of Ultron",83,true,,,,,
"Crossed Holo","Infinity",84,true,,,,,
"Crossed Holo","The New Ms. Marvel",85,true,,,,,
"Crossed Holo","Who Killed The Watcher?",86,true,,,,,
"Crossed Holo","Spider-Gwen",87,true,,,,,
"Crossed Holo","Spider-Verse",88,true,,,,,
"Crossed Holo","Sam Wilson is Captain America",89,true,,,,,
"Crossed Holo","Secret Wars",90,true,,,,,
"Crossed Holo","The Goddess of Thunder",91,true,,,,,
"Crossed Holo","Secret Empire",92,true,,,,,
"Crossed Holo","The Krakoan Age",93,true,,,,,
"Crossed Holo","The King in Black is Coming!",94,true,,,,,
"Crossed Holo","Enter… Spider-Boy!",95,true,,,,,
"Crossed Holo","Ultimate Invasion",96,true,,,,,
"Crossed Holo","The New Ultimate Spider-Man",97,true,,,,,
"Crossed Holo","Blood Hunt",98,true,,,,,
"Crossed Holo","X-Men: From the Ashes…",99,true,,,,,
"Crossed Holo","One World Under Doom",100,true,,,,,
"Drop Holo","The Fantastic Four Are Born!",1,true,,,,,
"Drop Holo","With Great Power…",2,true,,,,,
"Drop Holo","The Return of Captain America!",3,true,,,,,
"Drop Holo","X-Men: The Strangest Super Heroes of All!",4,true,,,,,
"Drop Holo","Hawkeye Strikes!",5,true,,,,,
"Drop Holo","Final Chapter",6,true,,,,,
"Drop Holo","The Coming of Galactus",7,true,,,,,
"Drop Holo","The Black Panther!",8,true,,,,,
"Drop Holo","Face It, Tiger…",9,true,,,,,
"Drop Holo","Agent of S.H.I.E.L.D.!",10,true,,,,,
"Drop Holo","The Kree-Skrull War",11,true,,,,,
"Drop Holo","The Night Gwen Stacy Died",12,true,,,,,
"Drop Holo","The Champions!",13,true,,,,,
"Drop Holo","And Now… The Wolverine!",14,true,,,,,
"Drop Holo","X-Men: Second Genesis",15,true,,,,,
"Drop Holo","The Eternals",16,true,,,,,
"Drop Holo","What if…?",17,true,,,,,
"Drop Holo","Iron Man: Demon in a Bottle",18,true,,,,,
"Drop Holo","Dark Phoenix Saga",19,true,,,,,
"Drop Holo","The Death of Captain Marvel",20,true,,,,,
"Drop Holo","The Death of Elektra",21,true,,,,,
"Drop Holo","The New Captain Marvel",22,true,,,,,
"Drop Holo","Night of The Hobgoblin",23,true,,,,,
"Drop Holo","Professor Xavier is a Jerk!",24,true,,,,,
"Drop Holo","The Worthy Beta Ray Bill",25,true,,,,,
"Drop Holo","The Spectacular Spider-Ham!",26,true,,,,,
"Drop Holo","The Black Costume",27,true,,,,,
"Drop Holo","Apocalypse Now!",28,true,,,,,
"Drop Holo","Gray Hulk",29,true,,,,,
"Drop Holo","The Wedding of Peter and MJ",30,true,,,,,
"Drop Holo","Kraven's Last Hunt",31,true,,,,,
"Drop Holo","Armor Wars",32,true,,,,,
"Drop Holo","Venom",33,true,,,,,
"Drop Holo","Inferno",34,true,,,,,
"Drop Holo","She-Hulk Breaks the Fourth Wall",35,true,,,,,
"Drop Holo","Enter… Deadpool!",36,true,,,,,
"Drop Holo","Infinity Gauntlet",37,true,,,,,
"Drop Holo","X-Men: Mutant Genesis 2.0",38,true,,,,,
"Drop Holo","War Machine",39,true,,,,,
"Drop Holo","Carnage: Savage Genesis!",40,true,,,,,
"Drop Holo","An Invisible Enemy",41,true,,,,,
"Drop Holo","The Clone Saga Begins",42,true,,,,,
"Drop Holo","Age of Apocalypse",43,true,,,,,
"Drop Holo","Onslaught",44,true,,,,,
"Drop Holo","Heroes Reborn",45,true,,,,,
"Drop Holo","Night of the Goblin",46,true,,,,,
"Drop Holo","Justice, Like Lightning…",47,true,,,,,
"Drop Holo","Heroes Return",48,true,,,,,
"Drop Holo","Guardian Devil",49,true,,,,,
"Drop Holo","Earth X",50,true,,,,,
"Drop Holo","The Sentry",51,true,,,,,
"Drop Holo","The Ultimate Universe",52,true,,,,,
"Drop Holo","E is for Extinction",53,true,,,,,
"Drop Holo","Wolverine: Origin",54,true,,,,,
"Drop Holo","Avengers Disassembled!",55,true,,,,,
"Drop Holo","New Avengers",56,true,,,,,
"Drop Holo","Runaways: Teenagers On The Run!",57,true,,,,,
"Drop Holo","X-23",58,true,,,,,
"Drop Holo","Wolverine: Public Enemy",59,true,,,,,
"Drop Holo","New, Young Avengers",60,true,,,,,
"Drop Holo","No More Mutants",61,true,,,,,
"Drop Holo","Planet Hulk",62,true,,,,,
"Drop Holo","Civil War",63,true,,,,,
"Drop Holo","The Immortal Iron Fist",64,true,,,,,
"Drop Holo","The Illuminati",65,true,,,,,
"Drop Holo","The Death of Captain America",66,true,,,,,
"Drop Holo","Annihilation",67,true,,,,,
"Drop Holo","One More Day",68,true,,,,,
"Drop Holo","Asgardians Reborn",69,true,,,,,
"Drop Holo","A New Captain America",70,true,,,,,
"Drop Holo","World War Hulk",71,true,,,,,
"Drop Holo","Secret Invasion",72,true,,,,,
"Drop Holo","Dark Reign Begins",73,true,,,,,
"Drop Holo","Siege",74,true,,,,,
"Drop Holo","The Heroic Age",75,true,,,,,
"Drop Holo","The Death of The Human Torch",76,true,,,,,
"Drop Holo","Fear Itself",77,true,,,,,
"Drop Holo","Miles Morales: Spider-Man",78,true,,,,,
"Drop Holo","The New Guardians of the Galaxy",79,true,,,,,
"Drop Holo","Avengers Vs X-Men",80,true,,,,,
"Drop Holo","The God Butcher",81,true,,,,,
"Drop Holo","Superior Spider-Man",82,true,,,,,
"Drop Holo","Age of Ultron",83,true,,,,,
"Drop Holo","Infinity",84,true,,,,,
"Drop Holo","The New Ms. Marvel",85,true,,,,,
"Drop Holo","Who Killed The Watcher?",86,true,,,,,
"Drop Holo","Spider-Gwen",87,true,,,,,
"Drop Holo","Spider-Verse",88,true,,,,,
"Drop Holo","Sam Wilson is Captain America",89,true,,,,,
"Drop Holo","Secret Wars",90,true,,,,,
"Drop Holo","The Goddess of Thunder",91,true,,,,,
"Drop Holo","Secret Empire",92,true,,,,,
"Drop Holo","The Krakoan Age",93,true,,,,,
"Drop Holo","The King in Black is Coming!",94,true,,,,,
"Drop Holo","Enter… Spider-Boy!",95,true,,,,,
"Drop Holo","Ultimate Invasion",96,true,,,,,
"Drop Holo","The New Ultimate Spider-Man",97,true,,,,,
"Drop Holo","Blood Hunt",98,true,,,,,
"Drop Holo","X-Men: From the Ashes…",99,true,,,,,
"Drop Holo","One World Under Doom",100,true,,,,,
"Carnival Holo","The Fantastic Four Are Born!",1,true,,,,,
"Carnival Holo","With Great Power…",2,true,,,,,
"Carnival Holo","The Return of Captain America!",3,true,,,,,
"Carnival Holo","X-Men: The Strangest Super Heroes of All!",4,true,,,,,
"Carnival Holo","Hawkeye Strikes!",5,true,,,,,
"Carnival Holo","Final Chapter",6,true,,,,,
"Carnival Holo","The Coming of Galactus",7,true,,,,,
"Carnival Holo","The Black Panther!",8,true,,,,,
"Carnival Holo","Face It, Tiger…",9,true,,,,,
"Carnival Holo","Agent of S.H.I.E.L.D.!",10,true,,,,,
"Carnival Holo","The Kree-Skrull War",11,true,,,,,
"Carnival Holo","The Night Gwen Stacy Died",12,true,,,,,
"Carnival Holo","The Champions!",13,true,,,,,
"Carnival Holo","And Now… The Wolverine!",14,true,,,,,
"Carnival Holo","X-Men: Second Genesis",15,true,,,,,
"Carnival Holo","The Eternals",16,true,,,,,
"Carnival Holo","What if…?",17,true,,,,,
"Carnival Holo","Iron Man: Demon in a Bottle",18,true,,,,,
"Carnival Holo","Dark Phoenix Saga",19,true,,,,,
"Carnival Holo","The Death of Captain Marvel",20,true,,,,,
"Carnival Holo","The Death of Elektra",21,true,,,,,
"Carnival Holo","The New Captain Marvel",22,true,,,,,
"Carnival Holo","Night of The Hobgoblin",23,true,,,,,
"Carnival Holo","Professor Xavier is a Jerk!",24,true,,,,,
"Carnival Holo","The Worthy Beta Ray Bill",25,true,,,,,
"Carnival Holo","The Spectacular Spider-Ham!",26,true,,,,,
"Carnival Holo","The Black Costume",27,true,,,,,
"Carnival Holo","Apocalypse Now!",28,true,,,,,
"Carnival Holo","Gray Hulk",29,true,,,,,
"Carnival Holo","The Wedding of Peter and MJ",30,true,,,,,
"Carnival Holo","Kraven's Last Hunt",31,true,,,,,
"Carnival Holo","Armor Wars",32,true,,,,,
"Carnival Holo","Venom",33,true,,,,,
"Carnival Holo","Inferno",34,true,,,,,
"Carnival Holo","She-Hulk Breaks the Fourth Wall",35,true,,,,,
"Carnival Holo","Enter… Deadpool!",36,true,,,,,
"Carnival Holo","Infinity Gauntlet",37,true,,,,,
"Carnival Holo","X-Men: Mutant Genesis 2.0",38,true,,,,,
"Carnival Holo","War Machine",39,true,,,,,
"Carnival Holo","Carnage: Savage Genesis!",40,true,,,,,
"Carnival Holo","An Invisible Enemy",41,true,,,,,
"Carnival Holo","The Clone Saga Begins",42,true,,,,,
"Carnival Holo","Age of Apocalypse",43,true,,,,,
"Carnival Holo","Onslaught",44,true,,,,,
"Carnival Holo","Heroes Reborn",45,true,,,,,
"Carnival Holo","Night of the Goblin",46,true,,,,,
"Carnival Holo","Justice, Like Lightning…",47,true,,,,,
"Carnival Holo","Heroes Return",48,true,,,,,
"Carnival Holo","Guardian Devil",49,true,,,,,
"Carnival Holo","Earth X",50,true,,,,,
"Carnival Holo","The Sentry",51,true,,,,,
"Carnival Holo","The Ultimate Universe",52,true,,,,,
"Carnival Holo","E is for Extinction",53,true,,,,,
"Carnival Holo","Wolverine: Origin",54,true,,,,,
"Carnival Holo","Avengers Disassembled!",55,true,,,,,
"Carnival Holo","New Avengers",56,true,,,,,
"Carnival Holo","Runaways: Teenagers On The Run!",57,true,,,,,
"Carnival Holo","X-23",58,true,,,,,
"Carnival Holo","Wolverine: Public Enemy",59,true,,,,,
"Carnival Holo","New, Young Avengers",60,true,,,,,
"Carnival Holo","No More Mutants",61,true,,,,,
"Carnival Holo","Planet Hulk",62,true,,,,,
"Carnival Holo","Civil War",63,true,,,,,
"Carnival Holo","The Immortal Iron Fist",64,true,,,,,
"Carnival Holo","The Illuminati",65,true,,,,,
"Carnival Holo","The Death of Captain America",66,true,,,,,
"Carnival Holo","Annihilation",67,true,,,,,
"Carnival Holo","One More Day",68,true,,,,,
"Carnival Holo","Asgardians Reborn",69,true,,,,,
"Carnival Holo","A New Captain America",70,true,,,,,
"Carnival Holo","World War Hulk",71,true,,,,,
"Carnival Holo","Secret Invasion",72,true,,,,,
"Carnival Holo","Dark Reign Begins",73,true,,,,,
"Carnival Holo","Siege",74,true,,,,,
"Carnival Holo","The Heroic Age",75,true,,,,,
"Carnival Holo","The Death of The Human Torch",76,true,,,,,
"Carnival Holo","Fear Itself",77,true,,,,,
"Carnival Holo","Miles Morales: Spider-Man",78,true,,,,,
"Carnival Holo","The New Guardians of the Galaxy",79,true,,,,,
"Carnival Holo","Avengers Vs X-Men",80,true,,,,,
"Carnival Holo","The God Butcher",81,true,,,,,
"Carnival Holo","Superior Spider-Man",82,true,,,,,
"Carnival Holo","Age of Ultron",83,true,,,,,
"Carnival Holo","Infinity",84,true,,,,,
"Carnival Holo","The New Ms. Marvel",85,true,,,,,
"Carnival Holo","Who Killed The Watcher?",86,true,,,,,
"Carnival Holo","Spider-Gwen",87,true,,,,,
"Carnival Holo","Spider-Verse",88,true,,,,,
"Carnival Holo","Sam Wilson is Captain America",89,true,,,,,
"Carnival Holo","Secret Wars",90,true,,,,,
"Carnival Holo","The Goddess of Thunder",91,true,,,,,
"Carnival Holo","Secret Empire",92,true,,,,,
"Carnival Holo","The Krakoan Age",93,true,,,,,
"Carnival Holo","The King in Black is Coming!",94,true,,,,,
"Carnival Holo","Enter… Spider-Boy!",95,true,,,,,
"Carnival Holo","Ultimate Invasion",96,true,,,,,
"Carnival Holo","The New Ultimate Spider-Man",97,true,,,,,
"Carnival Holo","Blood Hunt",98,true,,,,,
"Carnival Holo","X-Men: From the Ashes…",99,true,,,,,
"Carnival Holo","One World Under Doom",100,true,,,,,
"Mirror Holo","The Fantastic Four Are Born!",1,true,,,,,
"Mirror Holo","With Great Power…",2,true,,,,,
"Mirror Holo","The Return of Captain America!",3,true,,,,,
"Mirror Holo","X-Men: The Strangest Super Heroes of All!",4,true,,,,,
"Mirror Holo","Hawkeye Strikes!",5,true,,,,,
"Mirror Holo","Final Chapter",6,true,,,,,
"Mirror Holo","The Coming of Galactus",7,true,,,,,
"Mirror Holo","The Black Panther!",8,true,,,,,
"Mirror Holo","Face It, Tiger…",9,true,,,,,
"Mirror Holo","Agent of S.H.I.E.L.D.!",10,true,,,,,
"Mirror Holo","The Kree-Skrull War",11,true,,,,,
"Mirror Holo","The Night Gwen Stacy Died",12,true,,,,,
"Mirror Holo","The Champions!",13,true,,,,,
"Mirror Holo","And Now… The Wolverine!",14,true,,,,,
"Mirror Holo","X-Men: Second Genesis",15,true,,,,,
"Mirror Holo","The Eternals",16,true,,,,,
"Mirror Holo","What if…?",17,true,,,,,
"Mirror Holo","Iron Man: Demon in a Bottle",18,true,,,,,
"Mirror Holo","Dark Phoenix Saga",19,true,,,,,
"Mirror Holo","The Death of Captain Marvel",20,true,,,,,
"Mirror Holo","The Death of Elektra",21,true,,,,,
"Mirror Holo","The New Captain Marvel",22,true,,,,,
"Mirror Holo","Night of The Hobgoblin",23,true,,,,,
"Mirror Holo","Professor Xavier is a Jerk!",24,true,,,,,
"Mirror Holo","The Worthy Beta Ray Bill",25,true,,,,,
"Mirror Holo","The Spectacular Spider-Ham!",26,true,,,,,
"Mirror Holo","The Black Costume",27,true,,,,,
"Mirror Holo","Apocalypse Now!",28,true,,,,,
"Mirror Holo","Gray Hulk",29,true,,,,,
"Mirror Holo","The Wedding of Peter and MJ",30,true,,,,,
"Mirror Holo","Kraven's Last Hunt",31,true,,,,,
"Mirror Holo","Armor Wars",32,true,,,,,
"Mirror Holo","Venom",33,true,,,,,
"Mirror Holo","Inferno",34,true,,,,,
"Mirror Holo","She-Hulk Breaks the Fourth Wall",35,true,,,,,
"Mirror Holo","Enter… Deadpool!",36,true,,,,,
"Mirror Holo","Infinity Gauntlet",37,true,,,,,
"Mirror Holo","X-Men: Mutant Genesis 2.0",38,true,,,,,
"Mirror Holo","War Machine",39,true,,,,,
"Mirror Holo","Carnage: Savage Genesis!",40,true,,,,,
"Mirror Holo","An Invisible Enemy",41,true,,,,,
"Mirror Holo","The Clone Saga Begins",42,true,,,,,
"Mirror Holo","Age of Apocalypse",43,true,,,,,
"Mirror Holo","Onslaught",44,true,,,,,
"Mirror Holo","Heroes Reborn",45,true,,,,,
"Mirror Holo","Night of the Goblin",46,true,,,,,
"Mirror Holo","Justice, Like Lightning…",47,true,,,,,
"Mirror Holo","Heroes Return",48,true,,,,,
"Mirror Holo","Guardian Devil",49,true,,,,,
"Mirror Holo","Earth X",50,true,,,,,
"Mirror Holo","The Sentry",51,true,,,,,
"Mirror Holo","The Ultimate Universe",52,true,,,,,
"Mirror Holo","E is for Extinction",53,true,,,,,
"Mirror Holo","Wolverine: Origin",54,true,,,,,
"Mirror Holo","Avengers Disassembled!",55,true,,,,,
"Mirror Holo","New Avengers",56,true,,,,,
"Mirror Holo","Runaways: Teenagers On The Run!",57,true,,,,,
"Mirror Holo","X-23",58,true,,,,,
"Mirror Holo","Wolverine: Public Enemy",59,true,,,,,
"Mirror Holo","New, Young Avengers",60,true,,,,,
"Mirror Holo","No More Mutants",61,true,,,,,
"Mirror Holo","Planet Hulk",62,true,,,,,
"Mirror Holo","Civil War",63,true,,,,,
"Mirror Holo","The Immortal Iron Fist",64,true,,,,,
"Mirror Holo","The Illuminati",65,true,,,,,
"Mirror Holo","The Death of Captain America",66,true,,,,,
"Mirror Holo","Annihilation",67,true,,,,,
"Mirror Holo","One More Day",68,true,,,,,
"Mirror Holo","Asgardians Reborn",69,true,,,,,
"Mirror Holo","A New Captain America",70,true,,,,,
"Mirror Holo","World War Hulk",71,true,,,,,
"Mirror Holo","Secret Invasion",72,true,,,,,
"Mirror Holo","Dark Reign Begins",73,true,,,,,
"Mirror Holo","Siege",74,true,,,,,
"Mirror Holo","The Heroic Age",75,true,,,,,
"Mirror Holo","The Death of The Human Torch",76,true,,,,,
"Mirror Holo","Fear Itself",77,true,,,,,
"Mirror Holo","Miles Morales: Spider-Man",78,true,,,,,
"Mirror Holo","The New Guardians of the Galaxy",79,true,,,,,
"Mirror Holo","Avengers Vs X-Men",80,true,,,,,
"Mirror Holo","The God Butcher",81,true,,,,,
"Mirror Holo","Superior Spider-Man",82,true,,,,,
"Mirror Holo","Age of Ultron",83,true,,,,,
"Mirror Holo","Infinity",84,true,,,,,
"Mirror Holo","The New Ms. Marvel",85,true,,,,,
"Mirror Holo","Who Killed The Watcher?",86,true,,,,,
"Mirror Holo","Spider-Gwen",87,true,,,,,
"Mirror Holo","Spider-Verse",88,true,,,,,
"Mirror Holo","Sam Wilson is Captain America",89,true,,,,,
"Mirror Holo","Secret Wars",90,true,,,,,
"Mirror Holo","The Goddess of Thunder",91,true,,,,,
"Mirror Holo","Secret Empire",92,true,,,,,
"Mirror Holo","The Krakoan Age",93,true,,,,,
"Mirror Holo","The King in Black is Coming!",94,true,,,,,
"Mirror Holo","Enter… Spider-Boy!",95,true,,,,,
"Mirror Holo","Ultimate Invasion",96,true,,,,,
"Mirror Holo","The New Ultimate Spider-Man",97,true,,,,,
"Mirror Holo","Blood Hunt",98,true,,,,,
"Mirror Holo","X-Men: From the Ashes…",99,true,,,,,
"Mirror Holo","One World Under Doom",100,true,,,,,
"Marble Holo","The Fantastic Four Are Born!",1,true,,,,,
"Marble Holo","With Great Power…",2,true,,,,,
"Marble Holo","The Return of Captain America!",3,true,,,,,
"Marble Holo","X-Men: The Strangest Super Heroes of All!",4,true,,,,,
"Marble Holo","Hawkeye Strikes!",5,true,,,,,
"Marble Holo","Final Chapter",6,true,,,,,
"Marble Holo","The Coming of Galactus",7,true,,,,,
"Marble Holo","The Black Panther!",8,true,,,,,
"Marble Holo","Face It, Tiger…",9,true,,,,,
"Marble Holo","Agent of S.H.I.E.L.D.!",10,true,,,,,
"Marble Holo","The Kree-Skrull War",11,true,,,,,
"Marble Holo","The Night Gwen Stacy Died",12,true,,,,,
"Marble Holo","The Champions!",13,true,,,,,
"Marble Holo","And Now… The Wolverine!",14,true,,,,,
"Marble Holo","X-Men: Second Genesis",15,true,,,,,
"Marble Holo","The Eternals",16,true,,,,,
"Marble Holo","What if…?",17,true,,,,,
"Marble Holo","Iron Man: Demon in a Bottle",18,true,,,,,
"Marble Holo","Dark Phoenix Saga",19,true,,,,,
"Marble Holo","The Death of Captain Marvel",20,true,,,,,
"Marble Holo","The Death of Elektra",21,true,,,,,
"Marble Holo","The New Captain Marvel",22,true,,,,,
"Marble Holo","Night of The Hobgoblin",23,true,,,,,
"Marble Holo","Professor Xavier is a Jerk!",24,true,,,,,
"Marble Holo","The Worthy Beta Ray Bill",25,true,,,,,
"Marble Holo","The Spectacular Spider-Ham!",26,true,,,,,
"Marble Holo","The Black Costume",27,true,,,,,
"Marble Holo","Apocalypse Now!",28,true,,,,,
"Marble Holo","Gray Hulk",29,true,,,,,
"Marble Holo","The Wedding of Peter and MJ",30,true,,,,,
"Marble Holo","Kraven's Last Hunt",31,true,,,,,
"Marble Holo","Armor Wars",32,true,,,,,
"Marble Holo","Venom",33,true,,,,,
"Marble Holo","Inferno",34,true,,,,,
"Marble Holo","She-Hulk Breaks the Fourth Wall",35,true,,,,,
"Marble Holo","Enter… Deadpool!",36,true,,,,,
"Marble Holo","Infinity Gauntlet",37,true,,,,,
"Marble Holo","X-Men: Mutant Genesis 2.0",38,true,,,,,
"Marble Holo","War Machine",39,true,,,,,
"Marble Holo","Carnage: Savage Genesis!",40,true,,,,,
"Marble Holo","An Invisible Enemy",41,true,,,,,
"Marble Holo","The Clone Saga Begins",42,true,,,,,
"Marble Holo","Age of Apocalypse",43,true,,,,,
"Marble Holo","Onslaught",44,true,,,,,
"Marble Holo","Heroes Reborn",45,true,,,,,
"Marble Holo","Night of the Goblin",46,true,,,,,
"Marble Holo","Justice, Like Lightning…",47,true,,,,,
"Marble Holo","Heroes Return",48,true,,,,,
"Marble Holo","Guardian Devil",49,true,,,,,
"Marble Holo","Earth X",50,true,,,,,
"Marble Holo","The Sentry",51,true,,,,,
"Marble Holo","The Ultimate Universe",52,true,,,,,
"Marble Holo","E is for Extinction",53,true,,,,,
"Marble Holo","Wolverine: Origin",54,true,,,,,
"Marble Holo","Avengers Disassembled!",55,true,,,,,
"Marble Holo","New Avengers",56,true,,,,,
"Marble Holo","Runaways: Teenagers On The Run!",57,true,,,,,
"Marble Holo","X-23",58,true,,,,,
"Marble Holo","Wolverine: Public Enemy",59,true,,,,,
"Marble Holo","New, Young Avengers",60,true,,,,,
"Marble Holo","No More Mutants",61,true,,,,,
"Marble Holo","Planet Hulk",62,true,,,,,
"Marble Holo","Civil War",63,true,,,,,
"Marble Holo","The Immortal Iron Fist",64,true,,,,,
"Marble Holo","The Illuminati",65,true,,,,,
"Marble Holo","The Death of Captain America",66,true,,,,,
"Marble Holo","Annihilation",67,true,,,,,
"Marble Holo","One More Day",68,true,,,,,
"Marble Holo","Asgardians Reborn",69,true,,,,,
"Marble Holo","A New Captain America",70,true,,,,,
"Marble Holo","World War Hulk",71,true,,,,,
"Marble Holo","Secret Invasion",72,true,,,,,
"Marble Holo","Dark Reign Begins",73,true,,,,,
"Marble Holo","Siege",74,true,,,,,
"Marble Holo","The Heroic Age",75,true,,,,,
"Marble Holo","The Death of The Human Torch",76,true,,,,,
"Marble Holo","Fear Itself",77,true,,,,,
"Marble Holo","Miles Morales: Spider-Man",78,true,,,,,
"Marble Holo","The New Guardians of the Galaxy",79,true,,,,,
"Marble Holo","Avengers Vs X-Men",80,true,,,,,
"Marble Holo","The God Butcher",81,true,,,,,
"Marble Holo","Superior Spider-Man",82,true,,,,,
"Marble Holo","Age of Ultron",83,true,,,,,
"Marble Holo","Infinity",84,true,,,,,
"Marble Holo","The New Ms. Marvel",85,true,,,,,
"Marble Holo","Who Killed The Watcher?",86,true,,,,,
"Marble Holo","Spider-Gwen",87,true,,,,,
"Marble Holo","Spider-Verse",88,true,,,,,
"Marble Holo","Sam Wilson is Captain America",89,true,,,,,
"Marble Holo","Secret Wars",90,true,,,,,
"Marble Holo","The Goddess of Thunder",91,true,,,,,
"Marble Holo","Secret Empire",92,true,,,,,
"Marble Holo","The Krakoan Age",93,true,,,,,
"Marble Holo","The King in Black is Coming!",94,true,,,,,
"Marble Holo","Enter… Spider-Boy!",95,true,,,,,
"Marble Holo","Ultimate Invasion",96,true,,,,,
"Marble Holo","The New Ultimate Spider-Man",97,true,,,,,
"Marble Holo","Blood Hunt",98,true,,,,,
"Marble Holo","X-Men: From the Ashes…",99,true,,,,,
"Marble Holo","One World Under Doom",100,true,,,,,
"Cosmo Holo","The Fantastic Four Are Born!",1,true,,,,,
"Cosmo Holo","With Great Power…",2,true,,,,,
"Cosmo Holo","The Return of Captain America!",3,true,,,,,
"Cosmo Holo","X-Men: The Strangest Super Heroes of All!",4,true,,,,,
"Cosmo Holo","Hawkeye Strikes!",5,true,,,,,
"Cosmo Holo","Final Chapter",6,true,,,,,
"Cosmo Holo","The Coming of Galactus",7,true,,,,,
"Cosmo Holo","The Black Panther!",8,true,,,,,
"Cosmo Holo","Face It, Tiger…",9,true,,,,,
"Cosmo Holo","Agent of S.H.I.E.L.D.!",10,true,,,,,
"Cosmo Holo","The Kree-Skrull War",11,true,,,,,
"Cosmo Holo","The Night Gwen Stacy Died",12,true,,,,,
"Cosmo Holo","The Champions!",13,true,,,,,
"Cosmo Holo","And Now… The Wolverine!",14,true,,,,,
"Cosmo Holo","X-Men: Second Genesis",15,true,,,,,
"Cosmo Holo","The Eternals",16,true,,,,,
"Cosmo Holo","What if…?",17,true,,,,,
"Cosmo Holo","Iron Man: Demon in a Bottle",18,true,,,,,
"Cosmo Holo","Dark Phoenix Saga",19,true,,,,,
"Cosmo Holo","The Death of Captain Marvel",20,true,,,,,
"Cosmo Holo","The Death of Elektra",21,true,,,,,
"Cosmo Holo","The New Captain Marvel",22,true,,,,,
"Cosmo Holo","Night of The Hobgoblin",23,true,,,,,
"Cosmo Holo","Professor Xavier is a Jerk!",24,true,,,,,
"Cosmo Holo","The Worthy Beta Ray Bill",25,true,,,,,
"Cosmo Holo","The Spectacular Spider-Ham!",26,true,,,,,
"Cosmo Holo","The Black Costume",27,true,,,,,
"Cosmo Holo","Apocalypse Now!",28,true,,,,,
"Cosmo Holo","Gray Hulk",29,true,,,,,
"Cosmo Holo","The Wedding of Peter and MJ",30,true,,,,,
"Cosmo Holo","Kraven's Last Hunt",31,true,,,,,
"Cosmo Holo","Armor Wars",32,true,,,,,
"Cosmo Holo","Venom",33,true,,,,,
"Cosmo Holo","Inferno",34,true,,,,,
"Cosmo Holo","She-Hulk Breaks the Fourth Wall",35,true,,,,,
"Cosmo Holo","Enter… Deadpool!",36,true,,,,,
"Cosmo Holo","Infinity Gauntlet",37,true,,,,,
"Cosmo Holo","X-Men: Mutant Genesis 2.0",38,true,,,,,
"Cosmo Holo","War Machine",39,true,,,,,
"Cosmo Holo","Carnage: Savage Genesis!",40,true,,,,,
"Cosmo Holo","An Invisible Enemy",41,true,,,,,
"Cosmo Holo","The Clone Saga Begins",42,true,,,,,
"Cosmo Holo","Age of Apocalypse",43,true,,,,,
"Cosmo Holo","Onslaught",44,true,,,,,
"Cosmo Holo","Heroes Reborn",45,true,,,,,
"Cosmo Holo","Night of the Goblin",46,true,,,,,
"Cosmo Holo","Justice, Like Lightning…",47,true,,,,,
"Cosmo Holo","Heroes Return",48,true,,,,,
"Cosmo Holo","Guardian Devil",49,true,,,,,
"Cosmo Holo","Earth X",50,true,,,,,
"Cosmo Holo","The Sentry",51,true,,,,,
"Cosmo Holo","The Ultimate Universe",52,true,,,,,
"Cosmo Holo","E is for Extinction",53,true,,,,,
"Cosmo Holo","Wolverine: Origin",54,true,,,,,
"Cosmo Holo","Avengers Disassembled!",55,true,,,,,
"Cosmo Holo","New Avengers",56,true,,,,,
"Cosmo Holo","Runaways: Teenagers On The Run!",57,true,,,,,
"Cosmo Holo","X-23",58,true,,,,,
"Cosmo Holo","Wolverine: Public Enemy",59,true,,,,,
"Cosmo Holo","New, Young Avengers",60,true,,,,,
"Cosmo Holo","No More Mutants",61,true,,,,,
"Cosmo Holo","Planet Hulk",62,true,,,,,
"Cosmo Holo","Civil War",63,true,,,,,
"Cosmo Holo","The Immortal Iron Fist",64,true,,,,,
"Cosmo Holo","The Illuminati",65,true,,,,,
"Cosmo Holo","The Death of Captain America",66,true,,,,,
"Cosmo Holo","Annihilation",67,true,,,,,
"Cosmo Holo","One More Day",68,true,,,,,
"Cosmo Holo","Asgardians Reborn",69,true,,,,,
"Cosmo Holo","A New Captain America",70,true,,,,,
"Cosmo Holo","World War Hulk",71,true,,,,,
"Cosmo Holo","Secret Invasion",72,true,,,,,
"Cosmo Holo","Dark Reign Begins",73,true,,,,,
"Cosmo Holo","Siege",74,true,,,,,
"Cosmo Holo","The Heroic Age",75,true,,,,,
"Cosmo Holo","The Death of The Human Torch",76,true,,,,,
"Cosmo Holo","Fear Itself",77,true,,,,,
"Cosmo Holo","Miles Morales: Spider-Man",78,true,,,,,
"Cosmo Holo","The New Guardians of the Galaxy",79,true,,,,,
"Cosmo Holo","Avengers Vs X-Men",80,true,,,,,
"Cosmo Holo","The God Butcher",81,true,,,,,
"Cosmo Holo","Superior Spider-Man",82,true,,,,,
"Cosmo Holo","Age of Ultron",83,true,,,,,
"Cosmo Holo","Infinity",84,true,,,,,
"Cosmo Holo","The New Ms. Marvel",85,true,,,,,
"Cosmo Holo","Who Killed The Watcher?",86,true,,,,,
"Cosmo Holo","Spider-Gwen",87,true,,,,,
"Cosmo Holo","Spider-Verse",88,true,,,,,
"Cosmo Holo","Sam Wilson is Captain America",89,true,,,,,
"Cosmo Holo","Secret Wars",90,true,,,,,
"Cosmo Holo","The Goddess of Thunder",91,true,,,,,
"Cosmo Holo","Secret Empire",92,true,,,,,
"Cosmo Holo","The Krakoan Age",93,true,,,,,
"Cosmo Holo","The King in Black is Coming!",94,true,,,,,
"Cosmo Holo","Enter… Spider-Boy!",95,true,,,,,
"Cosmo Holo","Ultimate Invasion",96,true,,,,,
"Cosmo Holo","The New Ultimate Spider-Man",97,true,,,,,
"Cosmo Holo","Blood Hunt",98,true,,,,,
"Cosmo Holo","X-Men: From the Ashes…",99,true,,,,,
"Cosmo Holo","One World Under Doom",100,true,,,,,
"Shattered Holo","The Fantastic Four Are Born!",1,true,,,,,
"Shattered Holo","With Great Power…",2,true,,,,,
"Shattered Holo","The Return of Captain America!",3,true,,,,,
"Shattered Holo","X-Men: The Strangest Super Heroes of All!",4,true,,,,,
"Shattered Holo","Hawkeye Strikes!",5,true,,,,,
"Shattered Holo","Final Chapter",6,true,,,,,
"Shattered Holo","The Coming of Galactus",7,true,,,,,
"Shattered Holo","The Black Panther!",8,true,,,,,
"Shattered Holo","Face It, Tiger…",9,true,,,,,
"Shattered Holo","Agent of S.H.I.E.L.D.!",10,true,,,,,
"Shattered Holo","The Kree-Skrull War",11,true,,,,,
"Shattered Holo","The Night Gwen Stacy Died",12,true,,,,,
"Shattered Holo","The Champions!",13,true,,,,,
"Shattered Holo","And Now… The Wolverine!",14,true,,,,,
"Shattered Holo","X-Men: Second Genesis",15,true,,,,,
"Shattered Holo","The Eternals",16,true,,,,,
"Shattered Holo","What if…?",17,true,,,,,
"Shattered Holo","Iron Man: Demon in a Bottle",18,true,,,,,
"Shattered Holo","Dark Phoenix Saga",19,true,,,,,
"Shattered Holo","The Death of Captain Marvel",20,true,,,,,
"Shattered Holo","The Death of Elektra",21,true,,,,,
"Shattered Holo","The New Captain Marvel",22,true,,,,,
"Shattered Holo","Night of The Hobgoblin",23,true,,,,,
"Shattered Holo","Professor Xavier is a Jerk!",24,true,,,,,
"Shattered Holo","The Worthy Beta Ray Bill",25,true,,,,,
"Shattered Holo","The Spectacular Spider-Ham!",26,true,,,,,
"Shattered Holo","The Black Costume",27,true,,,,,
"Shattered Holo","Apocalypse Now!",28,true,,,,,
"Shattered Holo","Gray Hulk",29,true,,,,,
"Shattered Holo","The Wedding of Peter and MJ",30,true,,,,,
"Shattered Holo","Kraven's Last Hunt",31,true,,,,,
"Shattered Holo","Armor Wars",32,true,,,,,
"Shattered Holo","Venom",33,true,,,,,
"Shattered Holo","Inferno",34,true,,,,,
"Shattered Holo","She-Hulk Breaks the Fourth Wall",35,true,,,,,
"Shattered Holo","Enter… Deadpool!",36,true,,,,,
"Shattered Holo","Infinity Gauntlet",37,true,,,,,
"Shattered Holo","X-Men: Mutant Genesis 2.0",38,true,,,,,
"Shattered Holo","War Machine",39,true,,,,,
"Shattered Holo","Carnage: Savage Genesis!",40,true,,,,,
"Shattered Holo","An Invisible Enemy",41,true,,,,,
"Shattered Holo","The Clone Saga Begins",42,true,,,,,
"Shattered Holo","Age of Apocalypse",43,true,,,,,
"Shattered Holo","Onslaught",44,true,,,,,
"Shattered Holo","Heroes Reborn",45,true,,,,,
"Shattered Holo","Night of the Goblin",46,true,,,,,
"Shattered Holo","Justice, Like Lightning…",47,true,,,,,
"Shattered Holo","Heroes Return",48,true,,,,,
"Shattered Holo","Guardian Devil",49,true,,,,,
"Shattered Holo","Earth X",50,true,,,,,
"Shattered Holo","The Sentry",51,true,,,,,
"Shattered Holo","The Ultimate Universe",52,true,,,,,
"Shattered Holo","E is for Extinction",53,true,,,,,
"Shattered Holo","Wolverine: Origin",54,true,,,,,
"Shattered Holo","Avengers Disassembled!",55,true,,,,,
"Shattered Holo","New Avengers",56,true,,,,,
"Shattered Holo","Runaways: Teenagers On The Run!",57,true,,,,,
"Shattered Holo","X-23",58,true,,,,,
"Shattered Holo","Wolverine: Public Enemy",59,true,,,,,
"Shattered Holo","New, Young Avengers",60,true,,,,,
"Shattered Holo","No More Mutants",61,true,,,,,
"Shattered Holo","Planet Hulk",62,true,,,,,
"Shattered Holo","Civil War",63,true,,,,,
"Shattered Holo","The Immortal Iron Fist",64,true,,,,,
"Shattered Holo","The Illuminati",65,true,,,,,
"Shattered Holo","The Death of Captain America",66,true,,,,,
"Shattered Holo","Annihilation",67,true,,,,,
"Shattered Holo","One More Day",68,true,,,,,
"Shattered Holo","Asgardians Reborn",69,true,,,,,
"Shattered Holo","A New Captain America",70,true,,,,,
"Shattered Holo","World War Hulk",71,true,,,,,
"Shattered Holo","Secret Invasion",72,true,,,,,
"Shattered Holo","Dark Reign Begins",73,true,,,,,
"Shattered Holo","Siege",74,true,,,,,
"Shattered Holo","The Heroic Age",75,true,,,,,
"Shattered Holo","The Death of The Human Torch",76,true,,,,,
"Shattered Holo","Fear Itself",77,true,,,,,
"Shattered Holo","Miles Morales: Spider-Man",78,true,,,,,
"Shattered Holo","The New Guardians of the Galaxy",79,true,,,,,
"Shattered Holo","Avengers Vs X-Men",80,true,,,,,
"Shattered Holo","The God Butcher",81,true,,,,,
"Shattered Holo","Superior Spider-Man",82,true,,,,,
"Shattered Holo","Age of Ultron",83,true,,,,,
"Shattered Holo","Infinity",84,true,,,,,
"Shattered Holo","The New Ms. Marvel",85,true,,,,,
"Shattered Holo","Who Killed The Watcher?",86,true,,,,,
"Shattered Holo","Spider-Gwen",87,true,,,,,
"Shattered Holo","Spider-Verse",88,true,,,,,
"Shattered Holo","Sam Wilson is Captain America",89,true,,,,,
"Shattered Holo","Secret Wars",90,true,,,,,
"Shattered Holo","The Goddess of Thunder",91,true,,,,,
"Shattered Holo","Secret Empire",92,true,,,,,
"Shattered Holo","The Krakoan Age",93,true,,,,,
"Shattered Holo","The King in Black is Coming!",94,true,,,,,
"Shattered Holo","Enter… Spider-Boy!",95,true,,,,,
"Shattered Holo","Ultimate Invasion",96,true,,,,,
"Shattered Holo","The New Ultimate Spider-Man",97,true,,,,,
"Shattered Holo","Blood Hunt",98,true,,,,,
"Shattered Holo","X-Men: From the Ashes…",99,true,,,,,
"Shattered Holo","One World Under Doom",100,true,,,,,
"Fireworks Holo","The Fantastic Four Are Born!",1,true,,,,,
"Fireworks Holo","With Great Power…",2,true,,,,,
"Fireworks Holo","The Return of Captain America!",3,true,,,,,
"Fireworks Holo","X-Men: The Strangest Super Heroes of All!",4,true,,,,,
"Fireworks Holo","Hawkeye Strikes!",5,true,,,,,
"Fireworks Holo","Final Chapter",6,true,,,,,
"Fireworks Holo","The Coming of Galactus",7,true,,,,,
"Fireworks Holo","The Black Panther!",8,true,,,,,
"Fireworks Holo","Face It, Tiger…",9,true,,,,,
"Fireworks Holo","Agent of S.H.I.E.L.D.!",10,true,,,,,
"Fireworks Holo","The Kree-Skrull War",11,true,,,,,
"Fireworks Holo","The Night Gwen Stacy Died",12,true,,,,,
"Fireworks Holo","The Champions!",13,true,,,,,
"Fireworks Holo","And Now… The Wolverine!",14,true,,,,,
"Fireworks Holo","X-Men: Second Genesis",15,true,,,,,
"Fireworks Holo","The Eternals",16,true,,,,,
"Fireworks Holo","What if…?",17,true,,,,,
"Fireworks Holo","Iron Man: Demon in a Bottle",18,true,,,,,
"Fireworks Holo","Dark Phoenix Saga",19,true,,,,,
"Fireworks Holo","The Death of Captain Marvel",20,true,,,,,
"Fireworks Holo","The Death of Elektra",21,true,,,,,
"Fireworks Holo","The New Captain Marvel",22,true,,,,,
"Fireworks Holo","Night of The Hobgoblin",23,true,,,,,
"Fireworks Holo","Professor Xavier is a Jerk!",24,true,,,,,
"Fireworks Holo","The Worthy Beta Ray Bill",25,true,,,,,
"Fireworks Holo","The Spectacular Spider-Ham!",26,true,,,,,
"Fireworks Holo","The Black Costume",27,true,,,,,
"Fireworks Holo","Apocalypse Now!",28,true,,,,,
"Fireworks Holo","Gray Hulk",29,true,,,,,
"Fireworks Holo","The Wedding of Peter and MJ",30,true,,,,,
"Fireworks Holo","Kraven's Last Hunt",31,true,,,,,
"Fireworks Holo","Armor Wars",32,true,,,,,
"Fireworks Holo","Venom",33,true,,,,,
"Fireworks Holo","Inferno",34,true,,,,,
"Fireworks Holo","She-Hulk Breaks the Fourth Wall",35,true,,,,,
"Fireworks Holo","Enter… Deadpool!",36,true,,,,,
"Fireworks Holo","Infinity Gauntlet",37,true,,,,,
"Fireworks Holo","X-Men: Mutant Genesis 2.0",38,true,,,,,
"Fireworks Holo","War Machine",39,true,,,,,
"Fireworks Holo","Carnage: Savage Genesis!",40,true,,,,,
"Fireworks Holo","An Invisible Enemy",41,true,,,,,
"Fireworks Holo","The Clone Saga Begins",42,true,,,,,
"Fireworks Holo","Age of Apocalypse",43,true,,,,,
"Fireworks Holo","Onslaught",44,true,,,,,
"Fireworks Holo","Heroes Reborn",45,true,,,,,
"Fireworks Holo","Night of the Goblin",46,true,,,,,
"Fireworks Holo","Justice, Like Lightning…",47,true,,,,,
"Fireworks Holo","Heroes Return",48,true,,,,,
"Fireworks Holo","Guardian Devil",49,true,,,,,
"Fireworks Holo","Earth X",50,true,,,,,
"Fireworks Holo","The Sentry",51,true,,,,,
"Fireworks Holo","The Ultimate Universe",52,true,,,,,
"Fireworks Holo","E is for Extinction",53,true,,,,,
"Fireworks Holo","Wolverine: Origin",54,true,,,,,
"Fireworks Holo","Avengers Disassembled!",55,true,,,,,
"Fireworks Holo","New Avengers",56,true,,,,,
"Fireworks Holo","Runaways: Teenagers On The Run!",57,true,,,,,
"Fireworks Holo","X-23",58,true,,,,,
"Fireworks Holo","Wolverine: Public Enemy",59,true,,,,,
"Fireworks Holo","New, Young Avengers",60,true,,,,,
"Fireworks Holo","No More Mutants",61,true,,,,,
"Fireworks Holo","Planet Hulk",62,true,,,,,
"Fireworks Holo","Civil War",63,true,,,,,
"Fireworks Holo","The Immortal Iron Fist",64,true,,,,,
"Fireworks Holo","The Illuminati",65,true,,,,,
"Fireworks Holo","The Death of Captain America",66,true,,,,,
"Fireworks Holo","Annihilation",67,true,,,,,
"Fireworks Holo","One More Day",68,true,,,,,
"Fireworks Holo","Asgardians Reborn",69,true,,,,,
"Fireworks Holo","A New Captain America",70,true,,,,,
"Fireworks Holo","World War Hulk",71,true,,,,,
"Fireworks Holo","Secret Invasion",72,true,,,,,
"Fireworks Holo","Dark Reign Begins",73,true,,,,,
"Fireworks Holo","Siege",74,true,,,,,
"Fireworks Holo","The Heroic Age",75,true,,,,,
"Fireworks Holo","The Death of The Human Torch",76,true,,,,,
"Fireworks Holo","Fear Itself",77,true,,,,,
"Fireworks Holo","Miles Morales: Spider-Man",78,true,,,,,
"Fireworks Holo","The New Guardians of the Galaxy",79,true,,,,,
"Fireworks Holo","Avengers Vs X-Men",80,true,,,,,
"Fireworks Holo","The God Butcher",81,true,,,,,
"Fireworks Holo","Superior Spider-Man",82,true,,,,,
"Fireworks Holo","Age of Ultron",83,true,,,,,
"Fireworks Holo","Infinity",84,true,,,,,
"Fireworks Holo","The New Ms. Marvel",85,true,,,,,
"Fireworks Holo","Who Killed The Watcher?",86,true,,,,,
"Fireworks Holo","Spider-Gwen",87,true,,,,,
"Fireworks Holo","Spider-Verse",88,true,,,,,
"Fireworks Holo","Sam Wilson is Captain America",89,true,,,,,
"Fireworks Holo","Secret Wars",90,true,,,,,
"Fireworks Holo","The Goddess of Thunder",91,true,,,,,
"Fireworks Holo","Secret Empire",92,true,,,,,
"Fireworks Holo","The Krakoan Age",93,true,,,,,
"Fireworks Holo","The King in Black is Coming!",94,true,,,,,
"Fireworks Holo","Enter… Spider-Boy!",95,true,,,,,
"Fireworks Holo","Ultimate Invasion",96,true,,,,,
"Fireworks Holo","The New Ultimate Spider-Man",97,true,,,,,
"Fireworks Holo","Blood Hunt",98,true,,,,,
"Fireworks Holo","X-Men: From the Ashes…",99,true,,,,,
"Fireworks Holo","One World Under Doom",100,true,,,,,
Canvas,"1602",C1,true,,,,,
Canvas,"Age of Apocalypse",C2,true,,,,,
Canvas,"Marvel Zombies",C3,true,,,,,
Canvas,"Ultimate Universe",C4,true,,,,,
Canvas,"Old Man Logan",C5,true,,,,,
Canvas,"2099",C6,true,,,,,
Canvas,"New Ultimate Universe",C7,true,,,,,
Canvas,"House of M",C8,true,,,,,
Canvas,"Hulk: Future Imperfect",C9,true,,,,,
Canvas,"Reign",C10,true,,,,,
Canvas,"MC2",C11,true,,,,,
Canvas,"Captain Carter",C12,true,,,,,
Legacy,"Red Hulk",Y1,true,,,,,
Legacy,"Captain America (Sam Wilson)",Y2,true,,,,,
Legacy,"War Machine",Y3,true,,,,,
Legacy,"Spider-Man (Ben Reilly)",Y4,true,,,,,
Legacy,"Black Panther (Shuri)",Y5,true,,,,,
Legacy,"Daredevil (Elektra Natchios)",Y6,true,,,,,
Legacy,"Venom (Mac Gargan)",Y7,true,,,,,
Legacy,"Throg",Y8,true,,,,,
Legacy,"Ironheart",Y9,true,,,,,
Legacy,"U.S.Agent",Y10,true,,,,,
Glow in the Dark,"Thor",G1,true,,,,,
Glow in the Dark,"Daredevil",G2,true,,,,,
Glow in the Dark,"Magneto",G3,true,,,,,
Glow in the Dark,"Ghost Rider",G4,true,,,,,
Glow in the Dark,"Green Goblin",G5,true,,,,,
Glow in the Dark,"Spider-Man",G6,true,,,,,
Glow in the Dark,"Moon Knight",G7,true,,,,,
Glow in the Dark,"Doctor Strange",G8,true,,,,,
Glow in the Dark,"Gambit",G9,true,,,,,
Glow in the Dark,"Cyclops",G10,true,,,,,
Lenticular,"Spider-Man/Peter Parker",L1,true,,,,,
Lenticular,"Captain America/Steve Rogers",L2,true,,,,,
Lenticular,"Iron Man/Tony Stark",L3,true,,,,,
Lenticular,"Wolverine/Logan",L4,true,,,,,
Lenticular,"Thor/Jane Foster",L5,true,,,,,
Lenticular,"Venom/Eddie Brock",L6,true,,,,,
Lenticular,"Deadpool/Wade Wilson",L7,true,,,,,
Lenticular,"Spider Gwen/Gwen Stacy",L8,true,,,,,
Lenticular,"Captain Marvel/Carol Danvers",L9,true,,,,,
Lenticular,"Mystique/Raven Darkholme",L10,true,,,,,
Badge,"Black Panther",B1,true,,,,,
Badge,"Black Widow",B2,true,,,,,
Badge,"Captain America",B3,true,,,,,
Badge,"Captain Marvel",B4,true,,,,,
Badge,"Daredevil",B5,true,,,,,
Badge,"Doctor Strange",B6,true,,,,,
Badge,"Wolverine",B7,true,,,,,
Badge,"Falcon",B8,true,,,,,
Badge,"Hulk",B9,true,,,,,
Badge,"Iron Man",B10,true,,,,,
Badge,"Loki",B11,true,,,,,
Badge,"Moon Knight",B12,true,,,,,
Badge,"Ms. Marvel",B13,true,,,,,
Badge,"Rocket Raccoon",B14,true,,,,,
Badge,"Spider-Man (Miles Morales)",B15,true,,,,,
Badge,"She-Hulk",B16,true,,,,,
Badge,"Spider-Man (Peter Parker)",B17,true,,,,,
Badge,"Thor",B18,true,,,,,
Badge,"Venom",B19,true,,,,,
Badge,"Deadpool",B20,true,,,,,
Infinity,"Soul",I1,true,,,,,
Infinity,"Space",I2,true,,,,,
Infinity,"Power",I3,true,,,,,
Infinity,"Time",I4,true,,,,,
Infinity,"Reality",I5,true,,,,,
Infinity,"Mind",I6,true,,,,,
Sketch,"The Fantastic Four Are Born!",1,true,,,,,
Sketch,"With Great Power…",2,true,,,,,
Sketch,"The Return of Captain America!",3,true,,,,,
Sketch,"X-Men: The Strangest Super Heroes of All!",4,true,,,,,
Sketch,"Hawkeye Strikes!",5,true,,,,,
Sketch,"Final Chapter",6,true,,,,,
Sketch,"The Coming of Galactus",7,true,,,,,
Sketch,"The Black Panther!",8,true,,,,,
Sketch,"Face It, Tiger…",9,true,,,,,
Sketch,"Agent of S.H.I.E.L.D.!",10,true,,,,,
Sketch,"The Kree-Skrull War",11,true,,,,,
Sketch,"The Night Gwen Stacy Died",12,true,,,,,
Sketch,"The Champions!",13,true,,,,,
Sketch,"And Now… The Wolverine!",14,true,,,,,
Sketch,"X-Men: Second Genesis",15,true,,,,,
Sketch,"The Eternals",16,true,,,,,
Sketch,"What if…?",17,true,,,,,
Sketch,"Iron Man: Demon in a Bottle",18,true,,,,,
Sketch,"Dark Phoenix Saga",19,true,,,,,
Sketch,"The Death of Captain Marvel",20,true,,,,,
Sketch,"The Death of Elektra",21,true,,,,,
Sketch,"The New Captain Marvel",22,true,,,,,
Sketch,"Night of The Hobgoblin",23,true,,,,,
Sketch,"Professor Xavier is a Jerk!",24,true,,,,,
Sketch,"The Worthy Beta Ray Bill",25,true,,,,,
Sketch,"The Spectacular Spider-Ham!",26,true,,,,,
Sketch,"The Black Costume",27,true,,,,,
Sketch,"Apocalypse Now!",28,true,,,,,
Sketch,"Gray Hulk",29,true,,,,,
Sketch,"The Wedding of Peter and MJ",30,true,,,,,
Sketch,"Kraven's Last Hunt",31,true,,,,,
Sketch,"Armor Wars",32,true,,,,,
Sketch,"Venom",33,true,,,,,
Sketch,"Inferno",34,true,,,,,
Sketch,"She-Hulk Breaks the Fourth Wall",35,true,,,,,
Sketch,"Enter… Deadpool!",36,true,,,,,
Sketch,"Infinity Gauntlet",37,true,,,,,
Sketch,"X-Men: Mutant Genesis 2.0",38,true,,,,,
Sketch,"War Machine",39,true,,,,,
Sketch,"Carnage: Savage Genesis!",40,true,,,,,
Sketch,"An Invisible Enemy",41,true,,,,,
Sketch,"The Clone Saga Begins",42,true,,,,,
Sketch,"Age of Apocalypse",43,true,,,,,
Sketch,"Onslaught",44,true,,,,,
Sketch,"Heroes Reborn",45,true,,,,,
Sketch,"Night of the Goblin",46,true,,,,,
Sketch,"Justice, Like Lightning…",47,true,,,,,
Sketch,"Heroes Return",48,true,,,,,
Sketch,"Guardian Devil",49,true,,,,,
Sketch,"Earth X",50,true,,,,,
Sketch,"The Sentry",51,true,,,,,
Sketch,"The Ultimate Universe",52,true,,,,,
Sketch,"E is for Extinction",53,true,,,,,
Sketch,"Wolverine: Origin",54,true,,,,,
Sketch,"Avengers Disassembled!",55,true,,,,,
Sketch,"New Avengers",56,true,,,,,
Sketch,"Runaways: Teenagers On The Run!",57,true,,,,,
Sketch,"X-23",58,true,,,,,
Sketch,"Wolverine: Public Enemy",59,true,,,,,
Sketch,"New, Young Avengers",60,true,,,,,
Sketch,"No More Mutants",61,true,,,,,
Sketch,"Planet Hulk",62,true,,,,,
Sketch,"Civil War",63,true,,,,,
Sketch,"The Immortal Iron Fist",64,true,,,,,
Sketch,"The Illuminati",65,true,,,,,
Sketch,"The Death of Captain America",66,true,,,,,
Sketch,"Annihilation",67,true,,,,,
Sketch,"One More Day",68,true,,,,,
Sketch,"Asgardians Reborn",69,true,,,,,
Sketch,"A New Captain America",70,true,,,,,
Sketch,"World War Hulk",71,true,,,,,
Sketch,"Secret Invasion",72,true,,,,,
Sketch,"Dark Reign Begins",73,true,,,,,
Sketch,"Siege",74,true,,,,,
Sketch,"The Heroic Age",75,true,,,,,
Sketch,"The Death of The Human Torch",76,true,,,,,
Sketch,"Fear Itself",77,true,,,,,
Sketch,"Miles Morales: Spider-Man",78,true,,,,,
Sketch,"The New Guardians of the Galaxy",79,true,,,,,
Sketch,"Avengers Vs X-Men",80,true,,,,,
Sketch,"The God Butcher",81,true,,,,,
Sketch,"Superior Spider-Man",82,true,,,,,
Sketch,"Age of Ultron",83,true,,,,,
Sketch,"Infinity",84,true,,,,,
Sketch,"The New Ms. Marvel",85,true,,,,,
Sketch,"Who Killed The Watcher?",86,true,,,,,
Sketch,"Spider-Gwen",87,true,,,,,
Sketch,"Spider-Verse",88,true,,,,,
Sketch,"Sam Wilson is Captain America",89,true,,,,,
Sketch,"Secret Wars",90,true,,,,,
Sketch,"The Goddess of Thunder",91,true,,,,,
Sketch,"Secret Empire",92,true,,,,,
Sketch,"The Krakoan Age",93,true,,,,,
Sketch,"The King in Black is Coming!",94,true,,,,,
Sketch,"Enter… Spider-Boy!",95,true,,,,,
Sketch,"Ultimate Invasion",96,true,,,,,
Sketch,"The New Ultimate Spider-Man",97,true,,,,,
Sketch,"Blood Hunt",98,true,,,,,
Sketch,"X-Men: From the Ashes…",99,true,,,,,
Sketch,"One World Under Doom",100,true,,,,,
Medallion,"The Invincible Iron Man (1968) #266",M1,true,,,,,
Medallion,"Wolverine (1989) #24",M2,true,,,,,
Medallion,"Avengers (1963) #200",M3,true,,,,,
Medallion,"X-Men (1963) #139",M4,true,,,,,
Medallion,"The Amazing Spider-Man (1963) #32",M5,true,,,,,
Medallion,"Fantastic Four (1961) #259",M6,true,,,,,
Medallion,"The Incredible Hulk (1968) #105",M7,true,,,,,