Folder Path,Image Count,Non-Image Files,Match Status
2025 Kakawow Aura Marvel / 2025 Kakawow Aura Marvel - Marvel Iconic Debut Blue / AM-CIBL-16,1,0,matched
2025 Kakawow Aura Marvel / 2025 Kakawow Aura Marvel - The Legend of Iron Man Orange / AM-IIO-02,0,0,matched
2025 Kakawow Cosmos Marvel / 2025 Kakawow Cosmos Marvel - Cosmos Red / CM-R-52,1,0,matched
2025 Kakawow Cosmos Marvel / 2025 Kakawow Cosmos Marvel - Die-Cut / CM-YX-23,1,0,matched
2025 Kakawow Cosmos Marvel / 2025 Kakawow Cosmos Marvel - Die-Cut / CM-YX-24,1,0,matched
2025 Kakawow Cosmos Marvel / 2025 Kakawow Cosmos Marvel - Die-Cut / CM-YX-25,1,0,matched
2025 Kakawow Cosmos Marvel / 2025 Kakawow Cosmos Marvel - Die-Cut / CM-YX-34,1,0,matched
2025 Kakawow Cosmos Marvel / 2025 Kakawow Cosmos Marvel - Die-Cut / CM-YX-49,1,0,matched
2025 Kakawow Cosmos Marvel / 2025 Kakawow Cosmos Marvel - Die-Cut / CM-YX-75,1,0,matched
2025 Kakawow Cosmos Marvel / 2025 Kakawow Cosmos Marvel - Die-Cut / CM-YX-82,1,0,matched
2025 Kakawow Cosmos Marvel / 2025 Kakawow Cosmos Marvel - Totem Series Booklet / CM-TO-03,3,0,matched
2025 Kakawow Cosmos Marvel / 2025 Kakawow Cosmos Marvel - Wedding Moment / CM-WM-03,3,0,matched
2025 Kakawow Cosmos Marvel Rivals / 2025 Kakawow Phantom Marvel Rivals - Rivals Refractor Orange / PMR-ZFO-09,0,0,unmatched
2025 Topps Marvel The Collector / Marvel Tomorrow / MT-18,0,0,matched
2025 Topps Marvel The Collector / Marvel Tomorrow / MT-22,0,0,matched
2025 Topps Marvel The Collector / MCU Perfection / 22,1,0,matched
2025 Topps Marvel The Collector / MCU Perfection / 39,1,0,matched
2025 Topps Marvel The Collector / MCU Perfection / 76,0,0,matched
2025 Topps Marvel The Collector / MCU Perfection / 80,1,0,matched
2025 Topps Marvel The Collector / The Collectors Museum / TM-SDM,1,0,matched
2025 Topps Marvel The Collector / Villainy / V-18,1,0,matched
2025 Topps Mint Marvel / 2025 Topps Mint Marvel - Black Shimmer / 113,4,0,matched
2025 Topps Mint Marvel / 2025 Topps Mint Marvel - Gambits Double Sided Chrome Playing Cards / C♣,0,0,unmatched
2025 Topps Mint Marvel / 2025 Topps Mint Marvel - Gambits Double Sided Chrome Playing Cards / D♦,0,0,unmatched
2025 Topps Mint Marvel / 2025 Topps Mint Marvel - Gambits Double Sided Chrome Playing Cards / H♥,0,0,unmatched
2025 Topps Mint Marvel / 2025 Topps Mint Marvel - Gambits Double Sided Chrome Playing Cards / S♠,0,0,unmatched
2025 Topps Mint Marvel / 2025 Topps Mint Marvel - Green Mint / 89,1,0,matched
2026 Topps Brooklyn Collection - Captain America / Living Legends / NH-10,1,0,unmatched
2026 Topps Brooklyn Collection - Captain America / Living Legends / NH-12,1,0,unmatched
2026 Topps Brooklyn Collection - Captain America / Living Legends / NH-13,1,0,unmatched
2026 Topps Brooklyn Collection - Captain America / Living Legends / NH-15,1,0,unmatched
2026 Topps Brooklyn Collection - Captain America / Living Legends / NH-17,1,0,unmatched
2026 Topps Brooklyn Collection - Captain America / Living Legends / NH-18,1,0,unmatched
2026 Topps Brooklyn Collection - Captain America / Living Legends / NH-22,1,0,unmatched
2026 Topps Brooklyn Collection - Captain America / Living Legends / NH-4,1,0,unmatched
2026 Topps Brooklyn Collection - Captain America / MCU Autographs / MUA-ATJ,1,0,matched
2026 Topps Brooklyn Collection - Captain America / MCU Autographs / MUA-BC,1,0,matched
2026 Topps Brooklyn Collection - Captain America / MCU Autographs / MUA-DL,1,0,matched
2026 Topps Brooklyn Collection - Captain America / MCU Autographs / MUA-RA,1,0,matched
2026 Topps Brooklyn Collection - Captain America / New York's Heroes / NYF-24,1,0,matched
2026 Topps Brooklyn Collection - Captain America / You Are Worthy / AW-9,1,0,matched
